Camera,"(64, 0)",1280,960,"(704, 448)",1,false,"(0, 0)"
Camera,"(1344, 0)",5056,1920,"(1984, 448)",1,false,"(0, 0)"
Object,Wall,"(0, 832)"
Object,Wall,"(64, 832)"
Object,Wall,"(128, 832)"
Object,Wall,"(192, 832)"
Object,Wall,"(256, 832)"
Object,Wall,"(320, 832)"
Object,Wall,"(384, 832)"
Object,Wall,"(448, 832)"
Object,Wall,"(512, 832)"
Object,Wall,"(576, 832)"
Object,Wall,"(640, 832)"
Object,Wall,"(704, 832)"
Object,Wall,"(768, 832)"
Object,Wall,"(832, 832)"
Object,Wall,"(896, 832)"
Object,Wall,"(960, 832)"
Object,Wall,"(1024, 832)"
Object,Wall,"(1088, 832)"
Object,Wall,"(1152, 832)"
Object,Wall,"(1216, 832)"
Object,Wall,"(1280, 832)"
Object,Wall,"(0, 768)"
Object,Wall,"(0, 704)"
Object,Wall,"(0, 576)"
Object,Wall,"(0, 640)"
Object,Wall,"(0, 512)"
Object,Wall,"(0, 448)"
Object,Wall,"(0, 384)"
Object,Wall,"(0, 320)"
Object,Wall,"(0, 256)"
Object,Wall,"(0, 192)"
Object,Wall,"(0, 128)"
Object,Wall,"(0, 64)"
Object,Wall,"(0, 0)"
Object,Wall,"(1344, 832)"
Object,Wall,"(1408, 832)"
Object,Wall,"(1472, 832)"
Object,Wall,"(1536, 832)"
Object,Wall,"(1600, 832)"
Object,Wall,"(1664, 832)"
Object,Wall,"(1728, 832)"
Object,Wall,"(1792, 832)"
Object,Wall,"(1856, 832)"
Object,Wall,"(1856, 768)"
Object,Wall,"(1856, 704)"
Object,Wall,"(1920, 832)"
Object,Wall,"(1984, 832)"
Object,Wall,"(2048, 832)"
Object,Wall,"(2112, 832)"
Object,Wall,"(2176, 832)"
Object,Wall,"(2240, 832)"
Object,Wall,"(2304, 832)"
Object,Wall,"(2560, 832)"
Object,Wall,"(2496, 832)"
Object,Wall,"(2432, 832)"
Object,Wall,"(2368, 832)"
Object,Wall,"(1344, 896)"
Object,Wall,"(1344, 960)"
Object,Wall,"(1344, 1024)"
Object,Wall,"(1344, 1088)"
Object,Wall,"(1344, 1152)"
Object,Wall,"(1344, 1216)"
Object,Wall,"(1344, 1280)"
Object,Wall,"(1344, 1344)"
Object,Wall,"(1344, 1408)"
Object,Wall,"(1344, 1472)"
Object,Wall,"(1344, 1536)"
Object,Wall,"(1408, 1536)"
Object,Wall,"(1472, 1536)"
Object,Wall,"(1536, 1536)"
Object,Wall,"(1536, 1472)"
Object,Wall,"(1600, 1472)"
Object,Wall,"(1664, 1472)"
Object,Wall,"(1728, 1472)"
Object,Wall,"(1792, 1472)"
Object,Wall,"(1792, 1536)"
Object,Wall,"(1856, 1536)"
Object,Wall,"(1920, 1536)"
Object,Wall,"(1984, 1536)"
Object,Wall,"(2048, 1536)"
Object,Wall,"(2112, 1536)"
Object,Wall,"(2176, 1536)"
Object,Wall,"(2240, 1536)"
Object,Wall,"(2304, 1536)"
Object,Wall,"(2368, 1536)"
Object,Wall,"(2432, 1536)"
Object,Wall,"(2496, 1536)"
Object,Wall,"(2560, 1536)"
Object,Wall,"(2560, 1472)"
Object,Wall,"(2560, 1408)"
Object,Wall,"(2560, 1344)"
Object,Wall,"(2560, 1280)"
Object,Wall,"(2560, 1216)"
Object,Wall,"(2560, 1152)"
Object,Wall,"(2560, 1088)"
Object,Wall,"(2560, 1024)"
Object,Wall,"(2560, 960)"
Object,Wall,"(2560, 896)"
Object,Wall,"(2496, 896)"
Object,Wall,"(2496, 960)"
Object,Wall,"(2496, 1024)"
Object,Wall,"(2496, 1088)"
Object,Wall,"(2496, 1152)"
Object,Wall,"(2496, 1216)"
Object,Wall,"(2496, 1280)"
Object,Wall,"(2496, 1344)"
Object,Wall,"(2496, 1408)"
Object,Wall,"(2496, 1472)"
Object,Wall,"(2432, 1472)"
Object,Wall,"(2432, 1408)"
Object,Wall,"(2432, 1344)"
Object,Wall,"(2432, 1280)"
Object,Wall,"(2432, 1216)"
Object,Wall,"(2432, 1152)"
Object,Wall,"(2368, 1152)"
Object,Wall,"(2368, 1088)"
Object,Wall,"(2368, 1024)"
Object,Wall,"(2368, 960)"
Object,Wall,"(2368, 896)"
Object,Wall,"(2432, 896)"
Object,Wall,"(2432, 960)"
Object,Wall,"(2432, 1024)"
Object,Wall,"(2432, 1088)"
Object,Wall,"(2368, 1280)"
Object,Wall,"(2368, 1344)"
Object,Wall,"(2368, 1408)"
Object,Wall,"(2368, 1472)"
Object,Wall,"(2368, 1216)"
Object,Wall,"(2304, 1024)"
Object,Wall,"(2304, 960)"
Object,Wall,"(2304, 896)"
Object,Wall,"(2304, 1088)"
Object,Wall,"(2304, 1152)"
Object,Wall,"(2304, 1216)"
Object,Wall,"(2304, 1280)"
Object,Wall,"(2304, 1344)"
Object,Wall,"(2304, 1408)"
Object,Wall,"(2304, 1472)"
Object,Wall,"(2240, 1472)"
Object,Wall,"(2240, 1408)"
Object,Wall,"(2240, 1344)"
Object,Wall,"(2240, 1280)"
Object,Wall,"(2240, 1216)"
Object,Wall,"(2240, 1152)"
Object,Wall,"(2240, 1088)"
Object,Wall,"(2240, 1024)"
Object,Wall,"(2240, 960)"
Object,Wall,"(2240, 896)"
Object,Wall,"(2176, 896)"
Object,Wall,"(2176, 960)"
Object,Wall,"(2176, 1024)"
Object,Wall,"(2176, 1088)"
Object,Wall,"(2176, 1408)"
Object,Wall,"(2176, 1472)"
Object,Wall,"(2176, 1344)"
Object,Wall,"(2176, 1280)"
Object,Wall,"(2176, 1216)"
Object,Wall,"(2176, 1152)"
Object,Wall,"(2112, 896)"
Object,Wall,"(2048, 960)"
Object,Wall,"(2048, 1024)"
Object,Wall,"(2048, 1088)"
Object,Wall,"(2112, 1088)"
Object,Wall,"(2112, 1152)"
Object,Wall,"(2112, 1216)"
Object,Wall,"(2112, 1280)"
Object,Wall,"(2112, 1344)"
Object,Wall,"(2112, 1408)"
Object,Wall,"(2112, 1472)"
Object,Wall,"(2112, 1024)"
Object,Wall,"(2112, 960)"
Object,Wall,"(2048, 896)"
Object,Wall,"(2048, 1152)"
Object,Wall,"(2048, 1216)"
Object,Wall,"(2048, 1280)"
Object,Wall,"(2048, 1344)"
Object,Wall,"(2048, 1408)"
Object,Wall,"(2048, 1472)"
Object,Wall,"(1600, 1536)"
Object,Wall,"(1664, 1536)"
Object,Wall,"(1728, 1536)"
Object,Wall,"(1984, 1472)"
Object,Wall,"(1984, 1408)"
Object,Wall,"(1984, 1344)"
Object,Wall,"(1984, 1280)"
Object,Wall,"(1984, 1216)"
Object,Wall,"(1984, 1152)"
Object,Wall,"(1984, 1088)"
Object,Wall,"(1984, 1024)"
Object,Wall,"(1984, 960)"
Object,Wall,"(1984, 896)"
Object,Wall,"(1920, 896)"
Object,Wall,"(1920, 960)"
Object,Wall,"(1920, 1024)"
Object,Wall,"(1920, 1088)"
Object,Wall,"(1856, 1088)"
Object,Wall,"(1856, 1152)"
Object,Wall,"(1856, 1216)"
Object,Wall,"(1856, 1280)"
Object,Wall,"(1920, 1280)"
Object,Wall,"(1920, 1344)"
Object,Wall,"(1920, 1408)"
Object,Wall,"(1920, 1472)"
Object,Wall,"(1920, 1216)"
Object,Wall,"(1920, 1152)"
Object,Wall,"(1856, 960)"
Object,Wall,"(1856, 896)"
Object,Wall,"(1856, 1024)"
Object,Wall,"(1856, 1344)"
Object,Wall,"(1856, 1408)"
Object,Wall,"(1856, 1472)"
Object,Wall,"(1792, 1408)"
Object,Wall,"(1728, 1408)"
Object,Wall,"(1664, 1408)"
Object,Wall,"(1600, 1408)"
Object,Wall,"(1536, 1408)"
Object,Wall,"(1472, 1408)"
Object,Wall,"(1408, 1408)"
Object,Wall,"(1408, 1472)"
Object,Wall,"(1472, 1472)"
Object,Wall,"(1408, 1344)"
Object,Wall,"(1408, 1280)"
Object,Wall,"(1408, 1216)"
Object,Wall,"(1408, 1152)"
Object,Wall,"(1408, 1088)"
Object,Wall,"(1408, 1024)"
Object,Wall,"(1408, 960)"
Object,Wall,"(1408, 896)"
Object,Wall,"(1472, 896)"
Object,Wall,"(1472, 960)"
Object,Wall,"(1472, 1024)"
Object,Wall,"(1472, 1088)"
Object,Wall,"(1472, 1152)"
Object,Wall,"(1472, 1216)"
Object,Wall,"(1472, 1280)"
Object,Wall,"(1472, 1344)"
Object,Wall,"(1536, 1344)"
Object,Wall,"(1536, 1280)"
Object,Wall,"(1536, 1216)"
Object,Wall,"(1536, 1152)"
Object,Wall,"(1536, 1088)"
Object,Wall,"(1536, 1024)"
Object,Wall,"(1536, 960)"
Object,Wall,"(1536, 896)"
Object,Wall,"(1600, 896)"
Object,Wall,"(1600, 960)"
Object,Wall,"(1600, 1024)"
Object,Wall,"(1600, 1088)"
Object,Wall,"(1600, 1152)"
Object,Wall,"(1600, 1216)"
Object,Wall,"(1600, 1280)"
Object,Wall,"(1600, 1344)"
Object,Wall,"(1664, 1344)"
Object,Wall,"(1728, 1344)"
Object,Wall,"(1792, 1344)"
Object,Wall,"(1792, 1280)"
Object,Wall,"(1728, 1280)"
Object,Wall,"(1664, 1280)"
Object,Wall,"(1664, 1216)"
Object,Wall,"(1664, 1152)"
Object,Wall,"(1728, 1152)"
Object,Wall,"(1792, 1152)"
Object,Wall,"(1792, 1216)"
Object,Wall,"(1728, 1216)"
Object,Wall,"(1664, 1088)"
Object,Wall,"(1728, 1088)"
Object,Wall,"(1792, 1088)"
Object,Wall,"(1792, 1024)"
Object,Wall,"(1728, 1024)"
Object,Wall,"(1664, 1024)"
Object,Wall,"(1664, 960)"
Object,Wall,"(1728, 960)"
Object,Wall,"(1792, 960)"
Object,Wall,"(1664, 896)"
Object,Wall,"(1728, 896)"
Object,Wall,"(1792, 896)"
Object,Wall,"(1344, 1600)"
Object,Wall,"(1344, 1664)"
Object,Wall,"(1344, 1728)"
Object,Wall,"(1344, 1792)"
Object,Wall,"(1344, 1856)"
Object,Wall,"(1408, 1856)"
Object,Wall,"(1472, 1856)"
Object,Wall,"(1536, 1856)"
Object,Wall,"(1600, 1856)"
Object,Wall,"(1664, 1856)"
Object,Wall,"(1728, 1856)"
Object,Wall,"(1792, 1856)"
Object,Wall,"(1856, 1856)"
Object,Wall,"(1920, 1856)"
Object,Wall,"(1984, 1856)"
Object,Wall,"(2048, 1856)"
Object,Wall,"(2112, 1856)"
Object,Wall,"(2176, 1856)"
Object,Wall,"(2240, 1856)"
Object,Wall,"(2304, 1856)"
Object,Wall,"(2368, 1856)"
Object,Wall,"(2432, 1856)"
Object,Wall,"(2496, 1856)"
Object,Wall,"(2560, 1856)"
Object,Wall,"(2624, 1856)"
Object,Wall,"(2688, 1856)"
Object,Wall,"(2752, 1856)"
Object,Wall,"(2816, 1856)"
Object,Wall,"(2880, 1856)"
Object,Wall,"(2944, 1856)"
Object,Wall,"(3008, 1856)"
Object,Wall,"(3072, 1856)"
Object,Wall,"(2560, 1600)"
Object,Wall,"(2560, 1664)"
Object,Wall,"(2560, 1728)"
Object,Wall,"(2560, 1792)"
Object,Wall,"(2496, 1792)"
Object,Wall,"(2432, 1792)"
Object,Wall,"(2368, 1792)"
Object,Wall,"(2304, 1792)"
Object,Wall,"(2240, 1792)"
Object,Wall,"(2176, 1792)"
Object,Wall,"(2112, 1792)"
Object,Wall,"(2048, 1792)"
Object,Wall,"(1984, 1792)"
Object,Wall,"(1920, 1792)"
Object,Wall,"(1856, 1792)"
Object,Wall,"(1792, 1792)"
Object,Wall,"(1728, 1792)"
Object,Wall,"(1664, 1792)"
Object,Wall,"(1600, 1792)"
Object,Wall,"(1536, 1792)"
Object,Wall,"(1472, 1792)"
Object,Wall,"(1472, 1728)"
Object,Wall,"(1408, 1728)"
Object,Wall,"(1408, 1664)"
Object,Wall,"(1408, 1600)"
Object,Wall,"(1408, 1792)"
Object,Wall,"(1536, 1728)"
Object,Wall,"(1600, 1728)"
Object,Wall,"(1664, 1728)"
Object,Wall,"(1728, 1728)"
Object,Wall,"(1792, 1728)"
Object,Wall,"(1856, 1728)"
Object,Wall,"(1920, 1728)"
Object,Wall,"(1984, 1728)"
Object,Wall,"(2048, 1728)"
Object,Wall,"(2112, 1728)"
Object,Wall,"(2176, 1728)"
Object,Wall,"(2240, 1728)"
Object,Wall,"(2432, 1728)"
Object,Wall,"(2496, 1728)"
Object,Wall,"(2304, 1728)"
Object,Wall,"(2368, 1728)"
Object,Wall,"(2496, 1664)"
Object,Wall,"(2496, 1600)"
Object,Wall,"(2432, 1664)"
Object,Wall,"(2368, 1664)"
Object,Wall,"(2368, 1600)"
Object,Wall,"(2432, 1600)"
Object,Wall,"(2304, 1600)"
Object,Wall,"(2240, 1600)"
Object,Wall,"(2176, 1600)"
Object,Wall,"(2112, 1600)"
Object,Wall,"(2048, 1600)"
Object,Wall,"(1984, 1600)"
Object,Wall,"(1920, 1600)"
Object,Wall,"(1856, 1600)"
Object,Wall,"(1792, 1600)"
Object,Wall,"(1728, 1600)"
Object,Wall,"(1664, 1600)"
Object,Wall,"(1600, 1600)"
Object,Wall,"(1536, 1600)"
Object,Wall,"(1472, 1600)"
Object,Wall,"(1472, 1664)"
Object,Wall,"(1536, 1664)"
Object,Wall,"(1600, 1664)"
Object,Wall,"(1664, 1664)"
Object,Wall,"(1728, 1664)"
Object,Wall,"(1792, 1664)"
Object,Wall,"(1856, 1664)"
Object,Wall,"(1920, 1664)"
Object,Wall,"(1984, 1664)"
Object,Wall,"(2048, 1664)"
Object,Wall,"(2112, 1664)"
Object,Wall,"(2176, 1664)"
Object,Wall,"(2240, 1664)"
Object,Wall,"(2304, 1664)"
Object,Wall,"(2880, 1792)"
Object,Wall,"(2880, 1728)"
Object,Wall,"(2880, 1664)"
Object,Wall,"(2880, 1600)"
Object,Wall,"(2880, 1536)"
Object,Wall,"(2880, 1472)"
Object,Wall,"(2880, 1408)"
Object,Wall,"(2880, 1344)"
Object,Wall,"(2880, 1280)"
Object,Wall,"(2880, 1216)"
Object,Wall,"(2880, 1152)"
Object,Wall,"(2880, 1088)"
Object,Wall,"(2880, 1024)"
Object,Wall,"(2880, 960)"
Object,Wall,"(2880, 896)"
Object,Wall,"(2880, 832)"
Object,Wall,"(2880, 768)"
Object,Wall,"(2880, 704)"
Object,Wall,"(2880, 640)"
Object,Wall,"(2880, 576)"
Object,Wall,"(2944, 576)"
Object,Wall,"(2944, 640)"
Object,Wall,"(2944, 704)"
Object,Wall,"(2944, 768)"
Object,Wall,"(2944, 1088)"
Object,Wall,"(2944, 1152)"
Object,Wall,"(2944, 1216)"
Object,Wall,"(2944, 1024)"
Object,Wall,"(2944, 960)"
Object,Wall,"(2944, 896)"
Object,Wall,"(2944, 832)"
Object,Wall,"(2944, 1280)"
Object,Wall,"(2944, 1344)"
Object,Wall,"(2944, 1408)"
Object,Wall,"(2944, 1472)"
Object,Wall,"(2944, 1536)"
Object,Wall,"(2944, 1600)"
Object,Wall,"(2944, 1664)"
Object,Wall,"(2944, 1792)"
Object,Wall,"(2944, 1728)"
Object,Wall,"(3008, 1792)"
Object,Wall,"(3008, 1728)"
Object,Wall,"(3008, 1664)"
Object,Wall,"(3008, 1600)"
Object,Wall,"(3008, 1536)"
Object,Wall,"(3072, 1536)"
Object,Wall,"(3072, 1472)"
Object,Wall,"(3008, 1408)"
Object,Wall,"(3008, 1344)"
Object,Wall,"(3008, 1280)"
Object,Wall,"(3008, 1216)"
Object,Wall,"(3008, 1152)"
Object,Wall,"(3008, 1088)"
Object,Wall,"(3008, 1024)"
Object,Wall,"(3008, 960)"
Object,Wall,"(3008, 896)"
Object,Wall,"(3008, 832)"
Object,Wall,"(3008, 768)"
Object,Wall,"(3008, 704)"
Object,Wall,"(3008, 640)"
Object,Wall,"(3008, 576)"
Object,Wall,"(3008, 1472)"
Object,Wall,"(3136, 1856)"
Object,Wall,"(3200, 1856)"
Object,Wall,"(3264, 1856)"
Object,Wall,"(3264, 1792)"
Object,Wall,"(3264, 1728)"
Object,Wall,"(3264, 1664)"
Object,Wall,"(3264, 1600)"
Object,Wall,"(3264, 1536)"
Object,Wall,"(3264, 1472)"
Object,Wall,"(3264, 1408)"
Object,Wall,"(3264, 1344)"
Object,Wall,"(3264, 1280)"
Object,Wall,"(3264, 1216)"
Object,Wall,"(3264, 1152)"
Object,Wall,"(3264, 1088)"
Object,Wall,"(3264, 1024)"
Object,Wall,"(3264, 960)"
Object,Wall,"(3264, 896)"
Object,Wall,"(3264, 832)"
Object,Wall,"(3264, 768)"
Object,Wall,"(3264, 704)"
Object,Wall,"(3264, 640)"
Object,Wall,"(3264, 576)"
Object,Wall,"(3072, 576)"
Object,Wall,"(3136, 576)"
Object,Wall,"(3200, 576)"
Object,Wall,"(3200, 640)"
Object,Wall,"(3200, 704)"
Object,Wall,"(3200, 768)"
Object,Wall,"(3136, 832)"
Object,Wall,"(3136, 896)"
Object,Wall,"(3136, 960)"
Object,Wall,"(3200, 960)"
Object,Wall,"(3200, 1024)"
Object,Wall,"(3200, 1088)"
Object,Wall,"(3200, 1152)"
Object,Wall,"(3200, 1216)"
Object,Wall,"(3200, 1280)"
Object,Wall,"(3200, 1344)"
Object,Wall,"(3200, 1408)"
Object,Wall,"(3200, 1472)"
Object,Wall,"(3200, 896)"
Object,Wall,"(3200, 832)"
Object,Wall,"(3136, 704)"
Object,Wall,"(3136, 640)"
Object,Wall,"(3136, 768)"
Object,Wall,"(3072, 704)"
Object,Wall,"(3072, 640)"
Object,Wall,"(3072, 896)"
Object,Wall,"(3072, 832)"
Object,Wall,"(3072, 768)"
Object,Wall,"(3072, 960)"
Object,Wall,"(3072, 1024)"
Object,Wall,"(3072, 1088)"
Object,Wall,"(3072, 1152)"
Object,Wall,"(3072, 1216)"
Object,Wall,"(3072, 1280)"
Object,Wall,"(3136, 1280)"
Object,Wall,"(3136, 1216)"
Object,Wall,"(3136, 1152)"
Object,Wall,"(3136, 1088)"
Object,Wall,"(3136, 1024)"
Object,Wall,"(3136, 1344)"
Object,Wall,"(3136, 1408)"
Object,Wall,"(3072, 1408)"
Object,Wall,"(3072, 1344)"
Object,Wall,"(3072, 1664)"
Object,Wall,"(3072, 1600)"
Object,Wall,"(3072, 1728)"
Object,Wall,"(3072, 1792)"
Object,Wall,"(3136, 1728)"
Object,Wall,"(3136, 1664)"
Object,Wall,"(3136, 1600)"
Object,Wall,"(3136, 1792)"
Object,Wall,"(3200, 1728)"
Object,Wall,"(3200, 1792)"
Object,Wall,"(3200, 1664)"
Object,Wall,"(3200, 1600)"
Object,Wall,"(3200, 1536)"
Object,Wall,"(3136, 1536)"
Object,Wall,"(3136, 1472)"
Object,Wall,"(2624, 832)"
Object,Wall,"(2688, 832)"
Object,Wall,"(2752, 832)"
Object,Wall,"(2816, 832)"
Object,Wall,"(2816, 896)"
Object,Wall,"(2816, 960)"
Object,Wall,"(2816, 1024)"
Object,Wall,"(2816, 1088)"
Object,Wall,"(2816, 1152)"
Object,Wall,"(2816, 1216)"
Object,Wall,"(2816, 1280)"
Object,Wall,"(2816, 1344)"
Object,Wall,"(2816, 1408)"
Object,Wall,"(2816, 1472)"
Object,Wall,"(2816, 1536)"
Object,Wall,"(2816, 1600)"
Object,Wall,"(2816, 1664)"
Object,Wall,"(2816, 1728)"
Object,Wall,"(2816, 1792)"
Object,Wall,"(2752, 1792)"
Object,Wall,"(2752, 1728)"
Object,Wall,"(2752, 1664)"
Object,Wall,"(2752, 1600)"
Object,Wall,"(2752, 1536)"
Object,Wall,"(2752, 1152)"
Object,Wall,"(2752, 1088)"
Object,Wall,"(2752, 1024)"
Object,Wall,"(2752, 960)"
Object,Wall,"(2752, 896)"
Object,Wall,"(2752, 1216)"
Object,Wall,"(2752, 1280)"
Object,Wall,"(2752, 1344)"
Object,Wall,"(2752, 1408)"
Object,Wall,"(2752, 1472)"
Object,Wall,"(2688, 1600)"
Object,Wall,"(2688, 1664)"
Object,Wall,"(2688, 1728)"
Object,Wall,"(2624, 1728)"
Object,Wall,"(2624, 1792)"
Object,Wall,"(2688, 1792)"
Object,Wall,"(2624, 1664)"
Object,Wall,"(2624, 1600)"
Object,Wall,"(2624, 1536)"
Object,Wall,"(2624, 1472)"
Object,Wall,"(2624, 1408)"
Object,Wall,"(2624, 1344)"
Object,Wall,"(2624, 1280)"
Object,Wall,"(2624, 1216)"
Object,Wall,"(2624, 1152)"
Object,Wall,"(2624, 1088)"
Object,Wall,"(2624, 1024)"
Object,Wall,"(2624, 960)"
Object,Wall,"(2624, 896)"
Object,Wall,"(2688, 896)"
Object,Wall,"(2688, 960)"
Object,Wall,"(2688, 1024)"
Object,Wall,"(2688, 1088)"
Object,Wall,"(2688, 1152)"
Object,Wall,"(2688, 1216)"
Object,Wall,"(2688, 1280)"
Object,Wall,"(2688, 1344)"
Object,Wall,"(2688, 1408)"
Object,Wall,"(2688, 1472)"
Object,Wall,"(2688, 1536)"
Object,Wall,"(1920, 768)"
Object,Wall,"(1920, 704)"
Object,Wall,"(1984, 704)"
Object,Wall,"(2048, 704)"
Object,Wall,"(2112, 704)"
Object,Wall,"(2176, 704)"
Object,Wall,"(2240, 704)"
Object,Wall,"(2304, 704)"
Object,Wall,"(2368, 704)"
Object,Wall,"(2432, 704)"
Object,Wall,"(2496, 704)"
Object,Wall,"(2560, 704)"
Object,Wall,"(2624, 704)"
Object,Wall,"(2688, 704)"
Object,Wall,"(2752, 704)"
Object,Wall,"(2816, 704)"
Object,Wall,"(2816, 768)"
Object,Wall,"(2752, 768)"
Object,Wall,"(2688, 768)"
Object,Wall,"(2624, 768)"
Object,Wall,"(2560, 768)"
Object,Wall,"(2496, 768)"
Object,Wall,"(2432, 768)"
Object,Wall,"(2368, 768)"
Object,Wall,"(2304, 768)"
Object,Wall,"(2240, 768)"
Object,Wall,"(2176, 768)"
Object,Wall,"(2112, 768)"
Object,Wall,"(2048, 768)"
Object,Wall,"(1984, 768)"
Object,Wall,"(2624, 512)"
Object,Wall,"(2624, 576)"
Object,Wall,"(2624, 448)"
Object,Wall,"(2688, 448)"
Object,Wall,"(2752, 448)"
Object,Wall,"(2816, 448)"
Object,Wall,"(2816, 512)"
Object,Wall,"(2816, 576)"
Object,Wall,"(2816, 640)"
Object,Wall,"(2752, 640)"
Object,Wall,"(2688, 640)"
Object,Wall,"(2624, 640)"
Object,Wall,"(2688, 576)"
Object,Wall,"(2752, 576)"
Object,Wall,"(2752, 512)"
Object,Wall,"(2688, 512)"
Object,Wall,"(3264, 512)"
Object,Wall,"(3200, 512)"
Object,Wall,"(3136, 512)"
Object,Wall,"(3072, 512)"
Object,Wall,"(3008, 512)"
Object,Wall,"(2944, 512)"
Object,Wall,"(2880, 512)"
Object,Wall,"(2880, 448)"
Object,Wall,"(2944, 448)"
Object,Wall,"(3008, 448)"
Object,Wall,"(3072, 448)"
Object,Wall,"(3136, 448)"
Object,Wall,"(3200, 448)"
Object,Wall,"(3264, 448)"
Object,SavePoint,"(3072, 384)"
Object,Wall,"(3328, 1856)"
Object,Wall,"(3392, 1856)"
Object,Wall,"(3456, 1856)"
Object,Wall,"(3520, 1856)"
Object,Wall,"(3584, 1856)"
Object,Wall,"(3648, 1856)"
Object,Wall,"(3648, 1792)"
Object,Wall,"(3648, 1728)"
Object,Wall,"(3648, 1664)"
Object,Wall,"(3648, 1600)"
Object,Wall,"(3648, 1536)"
Object,Wall,"(3648, 1472)"
Object,Wall,"(3648, 1408)"
Object,Wall,"(3648, 1344)"
Object,Wall,"(3648, 1280)"
Object,Wall,"(3648, 1216)"
Object,Wall,"(3648, 1152)"
Object,Wall,"(3648, 1088)"
Object,Wall,"(3648, 1024)"
Object,Wall,"(3648, 960)"
Object,Wall,"(3648, 896)"
Object,Wall,"(3648, 832)"
Object,Wall,"(3648, 768)"
Object,Wall,"(3648, 704)"
Object,Wall,"(3648, 640)"
Object,Wall,"(3648, 576)"
Object,Wall,"(3648, 512)"
Object,Wall,"(3648, 448)"
Object,Text,"(64, 896)","A, Dキーで移動"
Object,Text,"(1472, 704)",Spaceでジャンプ
Object,Text,"(3008, 256)",SavePoint
Object,Text,"(3392, 256)",Rを押すと
Object,Text,"(3456, 1664)",  R
Object,Text,"(2368, 448)",2段ジャンプ
Object,Wall,"(3712, 1856)"
Object,Wall,"(3712, 1792)"
Object,Wall,"(3712, 1728)"
Object,Wall,"(3712, 1664)"
Object,Wall,"(3712, 1600)"
Object,Wall,"(3712, 1536)"
Object,Wall,"(3712, 1472)"
Object,Wall,"(3712, 1408)"
Object,Wall,"(3712, 1344)"
Object,Wall,"(3712, 1280)"
Object,Wall,"(3712, 1216)"
Object,Wall,"(3712, 1152)"
Object,Wall,"(3712, 1088)"
Object,Wall,"(3712, 1024)"
Object,Wall,"(3712, 960)"
Object,Wall,"(3712, 896)"
Object,Wall,"(3712, 832)"
Object,Wall,"(3712, 768)"
Object,Wall,"(3712, 704)"
Object,Wall,"(3712, 640)"
Object,Wall,"(3712, 576)"
Object,Wall,"(3712, 512)"
Object,Wall,"(3712, 448)"
Object,Wall,"(3776, 448)"
Object,Wall,"(3840, 448)"
Object,Wall,"(3904, 448)"
Object,Wall,"(3968, 448)"
Object,Wall,"(4032, 448)"
Object,Wall,"(4096, 448)"
Object,Wall,"(4160, 448)"
Object,Wall,"(4224, 448)"
Object,Wall,"(4224, 512)"
Object,Wall,"(4224, 576)"
Object,Wall,"(4224, 640)"
Object,Wall,"(4224, 704)"
Object,Wall,"(4224, 768)"
Object,Wall,"(4224, 832)"
Object,Wall,"(4224, 896)"
Object,Wall,"(4224, 960)"
Object,Wall,"(4224, 1024)"
Object,Wall,"(4224, 1088)"
Object,Wall,"(4224, 1152)"
Object,Wall,"(4224, 1216)"
Object,Wall,"(4224, 1280)"
Object,Wall,"(4224, 1344)"
Object,Wall,"(4224, 1408)"
Object,Wall,"(4224, 1472)"
Object,Wall,"(4288, 1472)"
Object,Wall,"(4288, 1536)"
Object,Wall,"(4288, 1600)"
Object,Wall,"(4288, 1664)"
Object,Wall,"(4288, 1728)"
Object,Wall,"(4288, 1792)"
Object,Wall,"(4288, 1856)"
Object,Wall,"(4224, 1856)"
Object,Wall,"(4160, 1856)"
Object,Wall,"(4160, 1792)"
Object,Wall,"(4096, 1792)"
Object,Wall,"(4032, 1792)"
Object,Wall,"(3968, 1792)"
Object,Wall,"(3904, 1792)"
Object,Wall,"(3904, 1856)"
Object,Wall,"(3840, 1856)"
Object,Wall,"(3776, 1856)"
Object,Wall,"(3968, 1856)"
Object,Wall,"(4032, 1856)"
Object,Wall,"(4096, 1856)"
Object,Wall,"(4224, 1792)"
Object,Wall,"(4224, 1728)"
Object,Wall,"(4224, 1664)"
Object,Wall,"(4224, 1600)"
Object,Wall,"(4224, 1536)"
Object,Wall,"(4160, 1536)"
Object,Wall,"(4160, 1600)"
Object,Wall,"(4160, 1664)"
Object,Wall,"(4160, 1728)"
Object,Wall,"(4096, 1728)"
Object,Wall,"(4032, 1728)"
Object,Wall,"(3968, 1728)"
Object,Wall,"(3840, 1792)"
Object,Wall,"(3776, 1792)"
Object,Wall,"(3776, 1728)"
Object,Wall,"(3840, 1728)"
Object,Wall,"(3904, 1728)"
Object,Wall,"(4096, 1664)"
Object,Wall,"(4032, 1664)"
Object,Wall,"(3968, 1664)"
Object,Wall,"(3904, 1664)"
Object,Wall,"(3840, 1664)"
Object,Wall,"(3776, 1664)"
Object,Wall,"(3776, 1600)"
Object,Wall,"(3840, 1600)"
Object,Wall,"(3904, 1600)"
Object,Wall,"(3968, 1600)"
Object,Wall,"(4032, 1600)"
Object,Wall,"(4096, 1600)"
Object,Wall,"(4096, 1536)"
Object,Wall,"(4160, 1472)"
Object,Wall,"(4096, 1472)"
Object,Wall,"(4032, 1536)"
Object,Wall,"(3968, 1536)"
Object,Wall,"(3904, 1536)"
Object,Wall,"(3840, 1536)"
Object,Wall,"(3776, 1536)"
Object,Wall,"(3776, 1472)"
Object,Wall,"(3840, 1472)"
Object,Wall,"(3904, 1472)"
Object,Wall,"(3968, 1472)"
Object,Wall,"(4032, 1472)"
Object,Wall,"(4160, 1408)"
Object,Wall,"(4096, 1408)"
Object,Wall,"(4032, 1408)"
Object,Wall,"(3968, 1408)"
Object,Wall,"(3904, 1408)"
Object,Wall,"(3840, 1408)"
Object,Wall,"(3776, 1408)"
Object,Wall,"(3776, 1344)"
Object,Wall,"(3840, 1344)"
Object,Wall,"(3904, 1344)"
Object,Wall,"(3968, 1344)"
Object,Wall,"(4032, 1344)"
Object,Wall,"(4096, 1344)"
Object,Wall,"(4160, 1344)"
Object,Wall,"(4160, 1280)"
Object,Wall,"(4096, 1280)"
Object,Wall,"(4032, 1280)"
Object,Wall,"(3968, 1280)"
Object,Wall,"(3904, 1280)"
Object,Wall,"(3840, 1280)"
Object,Wall,"(3776, 1280)"
Object,Wall,"(3776, 1216)"
Object,Wall,"(3776, 1152)"
Object,Wall,"(3840, 1152)"
Object,Wall,"(3904, 1152)"
Object,Wall,"(3968, 1216)"
Object,Wall,"(4032, 1216)"
Object,Wall,"(4032, 1152)"
Object,Wall,"(4096, 1152)"
Object,Wall,"(4160, 1152)"
Object,Wall,"(4160, 1216)"
Object,Wall,"(4096, 1216)"
Object,Wall,"(3904, 1216)"
Object,Wall,"(3840, 1216)"
Object,Wall,"(3904, 1088)"
Object,Wall,"(3968, 1088)"
Object,Wall,"(3968, 1152)"
Object,Wall,"(4032, 1088)"
Object,Wall,"(4096, 1088)"
Object,Wall,"(4160, 1088)"
Object,Wall,"(4160, 1024)"
Object,Wall,"(4096, 1024)"
Object,Wall,"(4032, 1024)"
Object,Wall,"(3840, 1088)"
Object,Wall,"(3840, 1024)"
Object,Wall,"(3776, 1088)"
Object,Wall,"(3776, 1024)"
Object,Wall,"(3904, 1024)"
Object,Wall,"(3968, 1024)"
Object,Wall,"(4032, 960)"
Object,Wall,"(4096, 960)"
Object,Wall,"(4160, 960)"
Object,Wall,"(3968, 960)"
Object,Wall,"(3904, 960)"
Object,Wall,"(3840, 960)"
Object,Wall,"(3776, 960)"
Object,Wall,"(3776, 896)"
Object,Wall,"(3840, 896)"
Object,Wall,"(3904, 896)"
Object,Wall,"(3968, 896)"
Object,Wall,"(4032, 896)"
Object,Wall,"(4096, 896)"
Object,Wall,"(4160, 896)"
Object,Wall,"(4160, 512)"
Object,Wall,"(4160, 576)"
Object,Wall,"(4160, 640)"
Object,Wall,"(4160, 704)"
Object,Wall,"(4160, 768)"
Object,Wall,"(4160, 832)"
Object,Wall,"(4096, 832)"
Object,Wall,"(4032, 832)"
Object,Wall,"(3968, 832)"
Object,Wall,"(3904, 832)"
Object,Wall,"(3840, 832)"
Object,Wall,"(3776, 832)"
Object,Wall,"(3776, 768)"
Object,Wall,"(3776, 704)"
Object,Wall,"(3840, 704)"
Object,Wall,"(3840, 640)"
Object,Wall,"(3840, 576)"
Object,Wall,"(3776, 576)"
Object,Wall,"(3776, 512)"
Object,Wall,"(3776, 640)"
Object,Wall,"(3840, 768)"
Object,Wall,"(3904, 768)"
Object,Wall,"(3968, 768)"
Object,Wall,"(4032, 768)"
Object,Wall,"(4096, 768)"
Object,Wall,"(4096, 704)"
Object,Wall,"(4096, 640)"
Object,Wall,"(4096, 576)"
Object,Wall,"(4096, 512)"
Object,Wall,"(4032, 512)"
Object,Wall,"(3968, 512)"
Object,Wall,"(3904, 512)"
Object,Wall,"(3840, 512)"
Object,Wall,"(3904, 576)"
Object,Wall,"(3904, 640)"
Object,Wall,"(3904, 704)"
Object,Wall,"(3968, 704)"
Object,Wall,"(4032, 704)"
Object,Wall,"(4032, 640)"
Object,Wall,"(4032, 576)"
Object,Wall,"(3968, 576)"
Object,Wall,"(3968, 640)"
Object,Wall,"(4288, 448)"
Object,Wall,"(4288, 512)"
Object,Wall,"(4288, 576)"
Object,Wall,"(4288, 640)"
Object,Wall,"(4288, 704)"
Object,Wall,"(4288, 768)"
Object,Wall,"(4288, 832)"
Object,Wall,"(4288, 896)"
Object,Wall,"(4288, 960)"
Object,Wall,"(4288, 1024)"
Object,Wall,"(4288, 1088)"
Object,Wall,"(4288, 1152)"
Object,Wall,"(4288, 1216)"
Object,Wall,"(4288, 1280)"
Object,Wall,"(4288, 1344)"
Object,Wall,"(4288, 1408)"
Object,Wall,"(4352, 448)"
Object,Wall,"(4800, 640)"
Object,Wall,"(4800, 704)"
Object,Wall,"(4800, 768)"
Object,Wall,"(4800, 832)"
Object,Wall,"(4800, 896)"
Object,Wall,"(4800, 960)"
Object,Wall,"(4800, 1024)"
Object,Wall,"(4800, 1088)"
Object,Wall,"(4800, 1152)"
Object,Wall,"(4800, 1216)"
Object,Wall,"(4800, 1280)"
Object,Wall,"(4800, 1344)"
Object,Wall,"(4800, 1408)"
Object,Wall,"(4800, 1472)"
Object,Wall,"(4800, 1536)"
Object,Wall,"(4800, 1600)"
Object,Wall,"(4800, 1664)"
Object,Wall,"(4800, 1728)"
Object,Wall,"(4800, 1792)"
Object,Wall,"(4800, 1856)"
Object,Wall,"(4736, 1856)"
Object,Wall,"(4672, 1856)"
Object,Wall,"(4608, 1856)"
Object,Wall,"(4544, 1856)"
Object,Wall,"(4480, 1856)"
Object,Wall,"(4416, 1856)"
Object,Wall,"(4416, 1792)"
Object,Wall,"(4352, 1792)"
Object,Wall,"(4352, 1856)"
Object,Wall,"(4352, 1728)"
Object,Wall,"(4352, 1664)"
Object,Wall,"(4352, 1600)"
Object,Wall,"(4352, 1536)"
Object,Wall,"(4352, 1472)"
Object,Wall,"(4352, 1408)"
Object,Wall,"(4352, 1344)"
Object,Wall,"(4352, 1280)"
Object,Wall,"(4352, 1216)"
Object,Wall,"(4352, 896)"
Object,Wall,"(4352, 832)"
Object,Wall,"(4352, 768)"
Object,Wall,"(4352, 704)"
Object,Wall,"(4352, 640)"
Object,Wall,"(4352, 576)"
Object,Wall,"(4352, 512)"
Object,Wall,"(4352, 960)"
Object,Wall,"(4352, 1024)"
Object,Wall,"(4352, 1088)"
Object,Wall,"(4352, 1152)"
Object,Wall,"(4416, 1280)"
Object,Wall,"(4416, 1344)"
Object,Wall,"(4416, 1408)"
Object,Wall,"(4416, 1472)"
Object,Wall,"(4416, 1536)"
Object,Wall,"(4416, 1600)"
Object,Wall,"(4416, 1664)"
Object,Wall,"(4416, 1728)"
Object,Wall,"(4480, 1728)"
Object,Wall,"(4544, 1728)"
Object,Wall,"(4544, 1792)"
Object,Wall,"(4608, 1792)"
Object,Wall,"(4480, 1792)"
Object,Wall,"(4672, 1792)"
Object,Wall,"(4736, 1792)"
Object,Wall,"(4736, 1728)"
Object,Wall,"(4736, 1664)"
Object,Wall,"(4736, 1600)"
Object,Wall,"(4736, 1536)"
Object,Wall,"(4736, 1472)"
Object,Wall,"(4736, 1408)"
Object,Wall,"(4736, 1344)"
Object,Wall,"(4736, 1280)"
Object,Wall,"(4736, 1216)"
Object,Wall,"(4736, 1152)"
Object,Wall,"(4736, 1088)"
Object,Wall,"(4736, 1024)"
Object,Wall,"(4736, 960)"
Object,Wall,"(4736, 896)"
Object,Wall,"(4736, 832)"
Object,Wall,"(4736, 768)"
Object,Wall,"(4736, 704)"
Object,Wall,"(4736, 640)"
Object,Wall,"(4416, 512)"
Object,Wall,"(4416, 576)"
Object,Wall,"(4480, 576)"
Object,Wall,"(4672, 640)"
Object,Wall,"(4672, 704)"
Object,Wall,"(4672, 768)"
Object,Wall,"(4672, 832)"
Object,Wall,"(4672, 896)"
Object,Wall,"(4672, 960)"
Object,Wall,"(4672, 1024)"
Object,Wall,"(4672, 1088)"
Object,Wall,"(4672, 1152)"
Object,Wall,"(4672, 1216)"
Object,Wall,"(4672, 1280)"
Object,Wall,"(4672, 1344)"
Object,Wall,"(4672, 1408)"
Object,Wall,"(4672, 1472)"
Object,Wall,"(4672, 1536)"
Object,Wall,"(4672, 1600)"
Object,Wall,"(4672, 1664)"
Object,Wall,"(4672, 1728)"
Object,Wall,"(4608, 1728)"
Object,Wall,"(4608, 1664)"
Object,Wall,"(4608, 1600)"
Object,Wall,"(4608, 1536)"
Object,Wall,"(4544, 1536)"
Object,Wall,"(4544, 1472)"
Object,Wall,"(4544, 1408)"
Object,Wall,"(4544, 1344)"
Object,Wall,"(4544, 1280)"
Object,Wall,"(4544, 1216)"
Object,Wall,"(4544, 1152)"
Object,Wall,"(4544, 1088)"
Object,Wall,"(4544, 1024)"
Object,Wall,"(4544, 960)"
Object,Wall,"(4544, 896)"
Object,Wall,"(4608, 896)"
Object,Wall,"(4608, 832)"
Object,Wall,"(4608, 768)"
Object,Wall,"(4608, 704)"
Object,Wall,"(4608, 640)"
Object,Wall,"(4608, 1280)"
Object,Wall,"(4608, 1216)"
Object,Wall,"(4608, 1152)"
Object,Wall,"(4608, 1024)"
Object,Wall,"(4608, 960)"
Object,Wall,"(4608, 1088)"
Object,Wall,"(4608, 1344)"
Object,Wall,"(4608, 1408)"
Object,Wall,"(4608, 1472)"
Object,Wall,"(4544, 1600)"
Object,Wall,"(4544, 1664)"
Object,Wall,"(4480, 1664)"
Object,Wall,"(4480, 1600)"
Object,Wall,"(4480, 1536)"
Object,Wall,"(4480, 1472)"
Object,Wall,"(4480, 1408)"
Object,Wall,"(4480, 1344)"
Object,Wall,"(4480, 1280)"
Object,Wall,"(4480, 1216)"
Object,Wall,"(4480, 1152)"
Object,Wall,"(4480, 1088)"
Object,Wall,"(4480, 1024)"
Object,Wall,"(4480, 960)"
Object,Wall,"(4480, 896)"
Object,Wall,"(4480, 832)"
Object,Wall,"(4480, 768)"
Object,Wall,"(4480, 704)"
Object,Wall,"(4480, 640)"
Object,Wall,"(4544, 640)"
Object,Wall,"(4544, 704)"
Object,Wall,"(4544, 768)"
Object,Wall,"(4544, 832)"
Object,Wall,"(4416, 768)"
Object,Wall,"(4416, 704)"
Object,Wall,"(4416, 640)"
Object,Wall,"(4416, 832)"
Object,Wall,"(4416, 896)"
Object,Wall,"(4416, 960)"
Object,Wall,"(4416, 1024)"
Object,Wall,"(4416, 1088)"
Object,Wall,"(4416, 1152)"
Object,Wall,"(4416, 1216)"
Object,SavePoint,"(3840, 384)"
Object,Needle,"(4096, 384)",0
Object,Text,"(4032, 256)",Danger!!!
Object,Text,"(4480, 320)",Spaceキーをすぐ離せば
Object,Wall,"(4864, 640)"
Object,Wall,"(4864, 576)"
Object,Wall,"(4864, 512)"
Object,Wall,"(4864, 704)"
Object,Wall,"(4864, 768)"
Object,Wall,"(4864, 832)"
Object,Wall,"(4864, 896)"
Object,Wall,"(4864, 960)"
Object,Wall,"(4864, 1024)"
Object,Wall,"(4864, 1088)"
Object,Wall,"(4864, 1152)"
Object,Wall,"(4864, 1216)"
Object,Wall,"(4864, 1280)"
Object,Wall,"(4864, 1344)"
Object,Wall,"(4864, 1408)"
Object,Wall,"(4864, 1472)"
Object,Wall,"(4864, 1536)"
Object,Wall,"(4864, 1600)"
Object,Wall,"(4864, 1664)"
Object,Wall,"(4864, 1728)"
Object,Wall,"(4864, 1792)"
Object,Wall,"(4864, 1856)"
Object,Wall,"(4928, 1856)"
Object,Wall,"(4928, 1792)"
Object,Wall,"(4928, 1728)"
Object,Wall,"(4928, 1664)"
Object,Wall,"(4928, 1600)"
Object,Wall,"(4928, 1536)"
Object,Wall,"(4928, 1472)"
Object,Wall,"(4928, 1408)"
Object,Wall,"(4928, 1344)"
Object,Wall,"(4928, 1280)"
Object,Wall,"(4928, 1216)"
Object,Wall,"(4928, 1152)"
Object,Wall,"(4928, 1088)"
Object,Wall,"(4928, 1024)"
Object,Wall,"(4928, 960)"
Object,Wall,"(4928, 896)"
Object,Wall,"(4928, 832)"
Object,Wall,"(4928, 768)"
Object,Wall,"(4928, 704)"
Object,Wall,"(4928, 640)"
Object,Wall,"(4928, 576)"
Object,Wall,"(4928, 512)"
Object,Wall,"(4992, 512)"
Object,Wall,"(5056, 512)"
Object,Wall,"(5120, 512)"
Object,Wall,"(5120, 576)"
Object,Wall,"(5184, 576)"
Object,Wall,"(5184, 640)"
Object,Wall,"(5248, 640)"
Object,Wall,"(5312, 512)"
Object,Wall,"(5376, 576)"
Object,Wall,"(5440, 576)"
Object,Wall,"(5504, 576)"
Object,Wall,"(5376, 512)"
Object,Wall,"(5440, 512)"
Object,Wall,"(5504, 512)"
Object,Wall,"(5568, 512)"
Object,Wall,"(5376, 256)"
Object,Wall,"(5440, 256)"
Object,Wall,"(5504, 256)"
Object,Wall,"(5376, 0)"
Object,Wall,"(5376, 64)"
Object,Wall,"(5376, 128)"
Object,Wall,"(5376, 192)"
Object,Wall,"(5504, 192)"
Object,Wall,"(5504, 128)"
Object,Wall,"(5504, 64)"
Object,Wall,"(5504, 0)"
Object,Wall,"(5440, 0)"
Object,Wall,"(5440, 64)"
Object,Wall,"(5440, 128)"
Object,Wall,"(5440, 192)"
Object,Needle,"(5440, 448)",0
Object,Needle,"(5440, 320)",2
Object,Wall,"(5312, 704)"
Object,Wall,"(5376, 704)"
Object,Wall,"(5440, 704)"
Object,Wall,"(5504, 704)"
Object,Wall,"(5568, 704)"
Object,Wall,"(5632, 704)"
Object,Wall,"(5632, 640)"
Object,Wall,"(5696, 640)"
Object,Wall,"(5696, 576)"
Object,Wall,"(5760, 576)"
Object,Wall,"(5760, 512)"
Object,Wall,"(5184, 512)"
Object,Wall,"(5696, 512)"
Object,Wall,"(4992, 576)"
Object,Wall,"(4992, 640)"
Object,Wall,"(4992, 704)"
Object,Wall,"(4992, 768)"
Object,Wall,"(4992, 832)"
Object,Wall,"(4992, 896)"
Object,Wall,"(4992, 960)"
Object,Wall,"(4992, 1024)"
Object,Wall,"(4992, 1088)"
Object,Wall,"(4992, 1152)"
Object,Wall,"(4992, 1216)"
Object,Wall,"(4992, 1280)"
Object,Wall,"(4992, 1344)"
Object,Wall,"(4992, 1408)"
Object,Wall,"(4992, 1472)"
Object,Wall,"(4992, 1536)"
Object,Wall,"(4992, 1600)"
Object,Wall,"(4992, 1664)"
Object,Wall,"(4992, 1728)"
Object,Wall,"(4992, 1792)"
Object,Wall,"(4992, 1856)"
Object,Wall,"(5056, 1856)"
Object,Wall,"(5120, 1856)"
Object,Wall,"(5184, 1856)"
Object,Wall,"(5248, 1856)"
Object,Wall,"(5312, 1856)"
Object,Wall,"(5376, 1856)"
Object,Wall,"(5440, 1856)"
Object,Wall,"(5504, 1856)"
Object,Wall,"(5568, 1856)"
Object,Wall,"(5632, 1856)"
Object,Wall,"(5696, 1856)"
Object,Wall,"(5760, 1856)"
Object,Wall,"(5824, 1856)"
Object,Wall,"(5888, 1856)"
Object,Wall,"(5888, 1792)"
Object,Wall,"(5888, 1728)"
Object,Wall,"(5888, 1664)"
Object,Wall,"(5888, 1600)"
Object,Wall,"(5888, 1536)"
Object,Wall,"(5888, 1472)"
Object,Wall,"(5888, 1408)"
Object,Wall,"(5888, 1344)"
Object,Wall,"(5888, 1280)"
Object,Wall,"(5888, 1216)"
Object,Wall,"(5888, 1152)"
Object,Wall,"(5888, 1088)"
Object,Wall,"(5888, 1024)"
Object,Wall,"(5888, 960)"
Object,Wall,"(5888, 896)"
Object,Wall,"(5888, 832)"
Object,Wall,"(5888, 768)"
Object,Wall,"(5888, 704)"
Object,Wall,"(5888, 640)"
Object,Wall,"(5888, 576)"
Object,Wall,"(5888, 512)"
Object,Wall,"(5824, 512)"
Object,Wall,"(5824, 576)"
Object,Wall,"(5824, 640)"
Object,Wall,"(5760, 640)"
Object,Wall,"(5760, 704)"
Object,Wall,"(5824, 704)"
Object,Wall,"(5696, 704)"
Object,Wall,"(5248, 704)"
Object,Wall,"(5184, 704)"
Object,Wall,"(5120, 704)"
Object,Wall,"(5120, 640)"
Object,Wall,"(5056, 640)"
Object,Wall,"(5056, 576)"
Object,Wall,"(5056, 704)"
Object,Wall,"(5056, 768)"
Object,Wall,"(5120, 768)"
Object,Wall,"(5184, 768)"
Object,Wall,"(5248, 768)"
Object,Wall,"(5312, 768)"
Object,Wall,"(5376, 768)"
Object,Wall,"(5440, 768)"
Object,Wall,"(5504, 768)"
Object,Wall,"(5568, 768)"
Object,Wall,"(5632, 768)"
Object,Wall,"(5696, 768)"
Object,Wall,"(5760, 768)"
Object,Wall,"(5824, 768)"
Object,Wall,"(5824, 832)"
Object,Wall,"(5760, 832)"
Object,Wall,"(5696, 832)"
Object,Wall,"(5248, 832)"
Object,Wall,"(5184, 832)"
Object,Wall,"(5120, 832)"
Object,Wall,"(5056, 832)"
Object,Wall,"(5312, 832)"
Object,Wall,"(5376, 832)"
Object,Wall,"(5440, 832)"
Object,Wall,"(5504, 832)"
Object,Wall,"(5568, 832)"
Object,Wall,"(5632, 832)"
Object,Wall,"(5056, 896)"
Object,Wall,"(5120, 896)"
Object,Wall,"(5184, 896)"
Object,Wall,"(5248, 896)"
Object,Wall,"(5312, 896)"
Object,Wall,"(5376, 896)"
Object,Wall,"(5440, 896)"
Object,Wall,"(5504, 896)"
Object,Wall,"(5568, 896)"
Object,Wall,"(5632, 896)"
Object,Wall,"(5696, 896)"
Object,Wall,"(5760, 896)"
Object,Wall,"(5824, 896)"
Object,Wall,"(5056, 960)"
Object,Wall,"(5056, 1024)"
Object,Wall,"(5056, 1088)"
Object,Wall,"(5056, 1152)"
Object,Wall,"(5056, 1216)"
Object,Wall,"(5056, 1280)"
Object,Wall,"(5056, 1344)"
Object,Wall,"(5056, 1408)"
Object,Wall,"(5056, 1472)"
Object,Wall,"(5056, 1536)"
Object,Wall,"(5056, 1600)"
Object,Wall,"(5056, 1664)"
Object,Wall,"(5056, 1728)"
Object,Wall,"(5056, 1792)"
Object,Wall,"(5120, 1792)"
Object,Wall,"(5184, 1792)"
Object,Wall,"(5248, 1792)"
Object,Wall,"(5312, 1792)"
Object,Wall,"(5376, 1792)"
Object,Wall,"(5440, 1792)"
Object,Wall,"(5504, 1792)"
Object,Wall,"(5568, 1792)"
Object,Wall,"(5632, 1792)"
Object,Wall,"(5696, 1792)"
Object,Wall,"(5760, 1792)"
Object,Wall,"(5824, 1792)"
Object,Wall,"(5824, 1728)"
Object,Wall,"(5824, 1664)"
Object,Wall,"(5824, 1600)"
Object,Wall,"(5824, 1536)"
Object,Wall,"(5824, 1472)"
Object,Wall,"(5824, 1408)"
Object,Wall,"(5824, 1344)"
Object,Wall,"(5824, 1280)"
Object,Wall,"(5824, 1216)"
Object,Wall,"(5824, 1152)"
Object,Wall,"(5824, 1088)"
Object,Wall,"(5824, 1024)"
Object,Wall,"(5824, 960)"
Object,Wall,"(5760, 1728)"
Object,Wall,"(5632, 1728)"
Object,Wall,"(5568, 1728)"
Object,Wall,"(5504, 1728)"
Object,Wall,"(5376, 1664)"
Object,Wall,"(5312, 1664)"
Object,Wall,"(5248, 1664)"
Object,Wall,"(5184, 1664)"
Object,Wall,"(5184, 1728)"
Object,Wall,"(5120, 1728)"
Object,Wall,"(5248, 1728)"
Object,Wall,"(5312, 1728)"
Object,Wall,"(5376, 1728)"
Object,Wall,"(5440, 1728)"
Object,Wall,"(5696, 1728)"
Object,Wall,"(5760, 1664)"
Object,Wall,"(5696, 1664)"
Object,Wall,"(5632, 1664)"
Object,Wall,"(5568, 1664)"
Object,Wall,"(5504, 1664)"
Object,Wall,"(5440, 1664)"
Object,Wall,"(5312, 1600)"
Object,Wall,"(5248, 1600)"
Object,Wall,"(5184, 1600)"
Object,Wall,"(5120, 1600)"
Object,Wall,"(5120, 1664)"
Object,Wall,"(5376, 1600)"
Object,Wall,"(5440, 1600)"
Object,Wall,"(5504, 1600)"
Object,Wall,"(5568, 1600)"
Object,Wall,"(5632, 1600)"
Object,Wall,"(5696, 1600)"
Object,Wall,"(5760, 1600)"
Object,Wall,"(5760, 1536)"
Object,Wall,"(5696, 1536)"
Object,Wall,"(5632, 1536)"
Object,Wall,"(5568, 1536)"
Object,Wall,"(5504, 1536)"
Object,Wall,"(5440, 1536)"
Object,Wall,"(5376, 1536)"
Object,Wall,"(5312, 1536)"
Object,Wall,"(5248, 1536)"
Object,Wall,"(5184, 1536)"
Object,Wall,"(5120, 1536)"
Object,Wall,"(5120, 1472)"
Object,Wall,"(5184, 1472)"
Object,Wall,"(5248, 1472)"
Object,Wall,"(5312, 1472)"
Object,Wall,"(5376, 1472)"
Object,Wall,"(5632, 1472)"
Object,Wall,"(5568, 1472)"
Object,Wall,"(5504, 1472)"
Object,Wall,"(5440, 1472)"
Object,Wall,"(5696, 1472)"
Object,Wall,"(5760, 1472)"
Object,Wall,"(5760, 1408)"
Object,Wall,"(5696, 1408)"
Object,Wall,"(5632, 1408)"
Object,Wall,"(5568, 1408)"
Object,Wall,"(5504, 1408)"
Object,Wall,"(5440, 1408)"
Object,Wall,"(5376, 1408)"
Object,Wall,"(5312, 1408)"
Object,Wall,"(5248, 1408)"
Object,Wall,"(5184, 1408)"
Object,Wall,"(5120, 1408)"
Object,Wall,"(5120, 1344)"
Object,Wall,"(5184, 1344)"
Object,Wall,"(5248, 1344)"
Object,Wall,"(5312, 1344)"
Object,Wall,"(5376, 1344)"
Object,Wall,"(5440, 1344)"
Object,Wall,"(5760, 1344)"
Object,Wall,"(5696, 1344)"
Object,Wall,"(5632, 1344)"
Object,Wall,"(5568, 1344)"
Object,Wall,"(5504, 1344)"
Object,Wall,"(5760, 1280)"
Object,Wall,"(5696, 1280)"
Object,Wall,"(5632, 1280)"
Object,Wall,"(5568, 1280)"
Object,Wall,"(5504, 1280)"
Object,Wall,"(5440, 1280)"
Object,Wall,"(5376, 1280)"
Object,Wall,"(5312, 1280)"
Object,Wall,"(5248, 1280)"
Object,Wall,"(5184, 1280)"
Object,Wall,"(5120, 1280)"
Object,SavePoint,"(5056, 448)"
Object,Wall,"(5120, 960)"
Object,Wall,"(5184, 960)"
Object,Wall,"(5248, 960)"
Object,Wall,"(5312, 960)"
Object,Wall,"(5376, 960)"
Object,Wall,"(5440, 960)"
Object,Wall,"(5504, 960)"
Object,Wall,"(5568, 960)"
Object,Wall,"(5632, 960)"
Object,Wall,"(5696, 960)"
Object,Wall,"(5760, 960)"
Object,Wall,"(5760, 1024)"
Object,Wall,"(5696, 1024)"
Object,Wall,"(5632, 1024)"
Object,Wall,"(5568, 1024)"
Object,Wall,"(5504, 1024)"
Object,Wall,"(5440, 1024)"
Object,Wall,"(5376, 1024)"
Object,Wall,"(5312, 1024)"
Object,Wall,"(5248, 1024)"
Object,Wall,"(5184, 1024)"
Object,Wall,"(5120, 1024)"
Object,Wall,"(5120, 1088)"
Object,Wall,"(5120, 1152)"
Object,Wall,"(5120, 1216)"
Object,Wall,"(5184, 1216)"
Object,Wall,"(5248, 1216)"
Object,Wall,"(5312, 1216)"
Object,Wall,"(5376, 1216)"
Object,Wall,"(5440, 1216)"
Object,Wall,"(5504, 1216)"
Object,Wall,"(5568, 1216)"
Object,Wall,"(5632, 1216)"
Object,Wall,"(5696, 1216)"
Object,Wall,"(5760, 1216)"
Object,Wall,"(5184, 1152)"
Object,Wall,"(5248, 1152)"
Object,Wall,"(5312, 1152)"
Object,Wall,"(5376, 1152)"
Object,Wall,"(5440, 1152)"
Object,Wall,"(5504, 1152)"
Object,Wall,"(5568, 1152)"
Object,Wall,"(5632, 1152)"
Object,Wall,"(5696, 1152)"
Object,Wall,"(5760, 1152)"
Object,Text,"(5376, 1088)",
Object,Text,"(5312, 1088)",針抜けに挑戦してみてね
Object,Wall,"(5952, 512)"
Object,Wall,"(6016, 512)"
Object,Wall,"(6080, 512)"
Object,Wall,"(6144, 512)"
Object,Wall,"(6208, 512)"
Object,Wall,"(6272, 512)"
Object,Wall,"(6336, 512)"
Object,Wall,"(6336, 448)"
Object,Wall,"(6336, 384)"
Object,Wall,"(6336, 320)"
Object,Wall,"(6336, 256)"
Object,Wall,"(6336, 192)"
Object,Wall,"(6336, 128)"
Object,Wall,"(6336, 64)"
Object,Wall,"(6272, 0)"
Object,Wall,"(6336, 0)"
Object,Wall,"(6208, 0)"
Object,Wall,"(6144, 0)"
Object,Wall,"(6080, 0)"
Object,Wall,"(6016, 0)"
Object,Wall,"(5952, 0)"
Object,Wall,"(5888, 0)"
Object,Wall,"(5824, 0)"
Object,Wall,"(5760, 0)"
Object,Wall,"(5696, 0)"
Object,Wall,"(5632, 0)"
Object,Wall,"(5568, 0)"
Object,Wall,"(5952, 576)"
Object,Wall,"(6016, 576)"
Object,Wall,"(6080, 576)"
Object,Wall,"(6144, 576)"
Object,Wall,"(6208, 576)"
Object,Wall,"(6272, 576)"
Object,Wall,"(6336, 576)"
Object,Wall,"(6336, 640)"
Object,Wall,"(6336, 704)"
Object,Wall,"(6336, 768)"
Object,Wall,"(6336, 832)"
Object,Wall,"(6336, 896)"
Object,Wall,"(6336, 960)"
Object,Wall,"(6336, 1024)"
Object,Wall,"(6336, 1088)"
Object,Wall,"(6336, 1152)"
Object,Wall,"(6336, 1216)"
Object,Wall,"(6336, 1280)"
Object,Wall,"(6336, 1344)"
Object,Wall,"(6336, 1408)"
Object,Wall,"(6336, 1472)"
Object,Wall,"(6336, 1536)"
Object,Wall,"(6336, 1600)"
Object,Wall,"(6336, 1664)"
Object,Wall,"(6336, 1728)"
Object,Wall,"(6336, 1792)"
Object,Wall,"(6336, 1856)"
Object,Wall,"(6272, 1856)"
Object,Wall,"(6272, 1792)"
Object,Wall,"(6208, 1792)"
Object,Wall,"(6144, 1792)"
Object,Wall,"(6144, 1856)"
Object,Wall,"(6080, 1856)"
Object,Wall,"(6208, 1856)"
Object,Wall,"(6016, 1856)"
Object,Wall,"(5952, 1856)"
Object,Wall,"(5952, 1792)"
Object,Wall,"(5952, 1728)"
Object,Wall,"(5952, 1664)"
Object,Wall,"(5952, 1600)"
Object,Wall,"(5952, 1536)"
Object,Wall,"(5952, 1472)"
Object,Wall,"(5952, 1408)"
Object,Wall,"(5952, 1344)"
Object,Wall,"(5952, 1280)"
Object,Wall,"(5952, 1216)"
Object,Wall,"(5952, 1152)"
Object,Wall,"(5952, 1088)"
Object,Wall,"(5952, 1024)"
Object,Wall,"(5952, 960)"
Object,Wall,"(5952, 896)"
Object,Wall,"(5952, 832)"
Object,Wall,"(5952, 768)"
Object,Wall,"(5952, 704)"
Object,Wall,"(5952, 640)"
Object,Wall,"(6016, 640)"
Object,Wall,"(6080, 640)"
Object,Wall,"(6144, 640)"
Object,Wall,"(6272, 640)"
Object,Wall,"(6208, 640)"
Object,Wall,"(6080, 704)"
Object,Wall,"(6016, 704)"
Object,Wall,"(6144, 704)"
Object,Wall,"(6208, 704)"
Object,Wall,"(6272, 704)"
Object,Wall,"(6272, 768)"
Object,Wall,"(6208, 768)"
Object,Wall,"(6144, 768)"
Object,Wall,"(6080, 768)"
Object,Wall,"(6016, 768)"
Object,Wall,"(6080, 832)"
Object,Wall,"(6144, 832)"
Object,Wall,"(6208, 832)"
Object,Wall,"(6016, 832)"
Object,Wall,"(6272, 832)"
Object,Wall,"(6272, 896)"
Object,Wall,"(6208, 896)"
Object,Wall,"(6144, 896)"
Object,Wall,"(6080, 896)"
Object,Wall,"(6016, 896)"
Object,Wall,"(6016, 960)"
Object,Wall,"(6080, 960)"
Object,Wall,"(6144, 960)"
Object,Wall,"(6208, 960)"
Object,Wall,"(6272, 960)"
Object,Wall,"(6272, 1024)"
Object,Wall,"(6208, 1024)"
Object,Wall,"(6144, 1024)"
Object,Wall,"(6080, 1024)"
Object,Wall,"(6016, 1024)"
Object,Wall,"(6016, 1088)"
Object,Wall,"(6080, 1088)"
Object,Wall,"(6144, 1088)"
Object,Wall,"(6208, 1088)"
Object,Wall,"(6272, 1088)"
Object,Wall,"(6272, 1152)"
Object,Wall,"(6208, 1152)"
Object,Wall,"(6144, 1152)"
Object,Wall,"(6080, 1152)"
Object,Wall,"(6016, 1152)"
Object,Wall,"(6016, 1216)"
Object,Wall,"(6016, 1280)"
Object,Wall,"(6080, 1280)"
Object,Wall,"(6144, 1280)"
Object,Wall,"(6144, 1344)"
Object,Wall,"(6208, 1280)"
Object,Wall,"(6272, 1280)"
Object,Wall,"(6272, 1216)"
Object,Wall,"(6208, 1216)"
Object,Wall,"(6144, 1216)"
Object,Wall,"(6080, 1216)"
Object,Wall,"(6272, 1344)"
Object,Wall,"(6208, 1344)"
Object,Wall,"(6080, 1344)"
Object,Wall,"(6016, 1344)"
Object,Wall,"(6016, 1408)"
Object,Wall,"(6080, 1408)"
Object,Wall,"(6144, 1408)"
Object,Wall,"(6208, 1408)"
Object,Wall,"(6272, 1408)"
Object,Wall,"(6272, 1472)"
Object,Wall,"(6208, 1472)"
Object,Wall,"(6144, 1472)"
Object,Wall,"(6080, 1472)"
Object,Wall,"(6016, 1472)"
Object,Wall,"(6016, 1536)"
Object,Wall,"(6080, 1536)"
Object,Wall,"(6144, 1536)"
Object,Wall,"(6208, 1536)"
Object,Wall,"(6272, 1536)"
Object,Wall,"(6272, 1600)"
Object,Wall,"(6208, 1600)"
Object,Wall,"(6144, 1600)"
Object,Wall,"(6080, 1600)"
Object,Wall,"(6016, 1600)"
Object,Wall,"(6016, 1664)"
Object,Wall,"(6080, 1728)"
Object,Wall,"(6144, 1728)"
Object,Wall,"(6208, 1728)"
Object,Wall,"(6272, 1728)"
Object,Wall,"(6272, 1664)"
Object,Wall,"(6208, 1664)"
Object,Wall,"(6144, 1664)"
Object,Wall,"(6080, 1664)"
Object,Wall,"(6016, 1728)"
Object,Wall,"(6016, 1792)"
Object,Wall,"(6080, 1792)"
Object,Text,"(6080, 128)",Good Luck
Object,Text,"(3392, 320)",リスタート
Object,Text,"(4480, 384)",ジャンプ力が変わる
Object,Text,"(3392, 896)",↓↓↓↓↓↓↓
Object,Needle,"(5760, 1088)",0
Object,Needle,"(5184, 1088)",0
Object,StartPoint,"(192, 768)"
Object,WarpPoint,"(6144, 256)",test.csv
Object,WarpPoint,"(448, 768)",test.csv
