Camera,"(64, 64)",1280,960,"(704, 512)",1,false,"(0, 0)"
Camera,"(960, 1024)",1280,960,"(1600, 1472)",1,false,"(0, 0)"
Camera,"(1344, 64)",1280,960,"(1984, 512)",1,false,"(0, 0)"
Camera,"(2240, 1024)",1280,3840,"(2880, 1472)",1,false,"(0, 0)"
Camera,"(3520, 1024)",1280,960,"(4160, 1472)",1,false,"(0, 0)"
Object,Wall,"(768, 832)",7
Object,Wall,"(704, 832)",7
Object,Wall,"(640, 832)",7
Object,Wall,"(576, 832)",7
Object,Wall,"(512, 832)",7
Object,Wall,"(448, 832)",7
Object,Wall,"(384, 832)",7
Object,Wall,"(320, 832)",7
Object,Wall,"(256, 832)",7
Object,Wall,"(192, 832)",7
Object,Wall,"(128, 832)",7
Object,Wall,"(64, 832)",7
Object,Wall,"(0, 832)",7
Object,Wall,"(0, 768)",7
Object,Wall,"(0, 704)",7
Object,Wall,"(0, 640)",7
Object,Wall,"(0, 576)",7
Object,Wall,"(0, 512)",7
Object,Wall,"(0, 448)",7
Object,Wall,"(0, 384)",7
Object,Wall,"(0, 320)",7
Object,Wall,"(0, 256)",7
Object,Wall,"(0, 64)",7
Object,Wall,"(192, 768)",7
Object,Wall,"(128, 768)",7
Object,Wall,"(128, 704)",7
Object,Wall,"(64, 704)",7
Object,Wall,"(64, 640)",7
Object,Wall,"(64, 768)",7
Object,Wall,"(64, 576)",7
Object,Wall,"(64, 384)",7
Object,Wall,"(64, 448)",7
Object,Wall,"(64, 512)",7
Object,Wall,"(64, 320)",7
Object,Wall,"(64, 256)",7
Object,Wall,"(128, 576)",7
Object,Wall,"(128, 640)",7
Object,Wall,"(64, 64)",7
Object,Wall,"(128, 64)",7
Object,Wall,"(192, 64)",7
Object,Wall,"(256, 64)",7
Object,Wall,"(64, 896)",7
Object,Wall,"(128, 896)",7
Object,Wall,"(192, 896)",7
Object,Wall,"(256, 896)",7
Object,Wall,"(320, 896)",7
Object,Wall,"(384, 896)",7
Object,Wall,"(448, 896)",7
Object,Wall,"(512, 896)",7
Object,Wall,"(576, 896)",7
Object,Wall,"(640, 896)",7
Object,Wall,"(704, 896)",7
Object,Wall,"(768, 896)",7
Object,Wall,"(832, 896)",7
Object,Wall,"(832, 960)",7
Object,Wall,"(768, 960)",7
Object,Wall,"(704, 960)",7
Object,Wall,"(640, 960)",7
Object,Wall,"(576, 960)",7
Object,Wall,"(512, 960)",7
Object,Wall,"(448, 960)",7
Object,Wall,"(384, 960)",7
Object,Wall,"(64, 960)",7
Object,Wall,"(128, 960)",7
Object,Wall,"(192, 960)",7
Object,Wall,"(256, 960)",7
Object,Wall,"(320, 960)",7
Object,Wall,"(960, 960)",7
Object,Wall,"(896, 960)",7
Object,Wall,"(1280, 896)",7
Object,Wall,"(1280, 832)",7
Object,Wall,"(1280, 768)",7
Object,Wall,"(1216, 768)",7
Object,Wall,"(1088, 640)",7
Object,Wall,"(1024, 576)",7
Object,Wall,"(960, 576)",7
Object,Wall,"(960, 512)",7
Object,Wall,"(960, 448)",7
Object,Wall,"(896, 448)",7
Object,Wall,"(832, 448)",7
Object,Wall,"(768, 448)",7
Object,Wall,"(896, 512)",7
Object,Wall,"(832, 512)",7
Object,Wall,"(768, 512)",7
Object,Wall,"(704, 512)",7
Object,Wall,"(704, 448)",7
Object,Wall,"(640, 448)",7
Object,Wall,"(576, 448)",7
Object,Wall,"(576, 384)",7
Object,Wall,"(576, 320)",7
Object,Wall,"(512, 320)",7
Object,Wall,"(448, 320)",7
Object,Wall,"(448, 256)",7
Object,Wall,"(448, 192)",7
Object,Wall,"(384, 192)",7
Object,Wall,"(384, 128)",7
Object,Wall,"(320, 128)",7
Object,Wall,"(320, 64)",7
Object,Wall,"(384, 64)",7
Object,Wall,"(448, 64)",7
Object,Wall,"(0, 128)",7
Object,Wall,"(0, 192)",7
Object,Wall,"(512, 64)",7
Object,Wall,"(576, 64)",7
Object,Wall,"(640, 64)",7
Object,Wall,"(704, 64)",7
Object,Wall,"(768, 64)",7
Object,Wall,"(832, 64)",7
Object,Wall,"(896, 64)",7
Object,Wall,"(960, 64)",7
Object,Wall,"(960, 128)",7
Object,Wall,"(1024, 128)",7
Object,Wall,"(1088, 128)",7
Object,Wall,"(1152, 128)",7
Object,Wall,"(1216, 128)",7
Object,Wall,"(1216, 64)",7
Object,Wall,"(1152, 64)",7
Object,Wall,"(1088, 64)",7
Object,Wall,"(1024, 64)",7
Object,Wall,"(1280, 64)",7
Object,Wall,"(1280, 128)",7
Object,Wall,"(1216, 640)",7
Object,Wall,"(1280, 640)",7
Object,Wall,"(1280, 704)",7
Object,Wall,"(1280, 384)",7
Object,Wall,"(1216, 704)",7
Object,Wall,"(1152, 640)",7
Object,Wall,"(1152, 576)",7
Object,Wall,"(1088, 512)",7
Object,Wall,"(1088, 576)",7
Object,Wall,"(1024, 512)",7
Object,Wall,"(1024, 448)",7
Object,Wall,"(1024, 192)",7
Object,Wall,"(960, 256)",7
Object,Wall,"(960, 320)",7
Object,Wall,"(960, 384)",7
Object,Wall,"(960, 192)",7
Object,Wall,"(896, 192)",7
Object,Wall,"(896, 256)",7
Object,Wall,"(896, 320)",7
Object,Wall,"(832, 384)",7
Object,Wall,"(896, 384)",7
Object,Wall,"(768, 384)",7
Object,Wall,"(704, 384)",7
Object,Wall,"(640, 384)",7
Object,Wall,"(704, 320)",7
Object,Wall,"(768, 320)",7
Object,Wall,"(832, 320)",7
Object,Wall,"(640, 320)",7
Object,Wall,"(640, 256)",7
Object,Wall,"(832, 256)",7
Object,Wall,"(768, 256)",7
Object,Wall,"(704, 256)",7
Object,Wall,"(576, 256)",7
Object,Wall,"(832, 192)",7
Object,Wall,"(768, 192)",7
Object,Wall,"(704, 192)",7
Object,Wall,"(640, 192)",7
Object,Wall,"(576, 192)",7
Object,Wall,"(512, 192)",7
Object,Wall,"(512, 256)",7
Object,Wall,"(448, 128)",7
Object,Wall,"(512, 128)",7
Object,Wall,"(576, 128)",7
Object,Wall,"(640, 128)",7
Object,Wall,"(704, 128)",7
Object,Wall,"(768, 128)",7
Object,Wall,"(832, 128)",7
Object,Wall,"(896, 128)",7
Object,StartPoint,"(320, 768)"
Object,Wall,"(64, 192)",7
Object,Wall,"(64, 128)",7
Object,Wall,"(128, 128)",7
Object,Wall,"(128, 192)",7
Object,Wall,"(192, 128)",7
Object,Wall,"(256, 128)",7
Object,Wall,"(1280, 960)",7
Object,Needle,"(896, 576)",2,1
Object,Needle,"(832, 576)",2,1
Object,Needle,"(768, 576)",2,1
Object,Needle,"(128, 512)",1,1
Object,Needle,"(128, 448)",1,1
Object,Needle,"(192, 192)",2,1
Object,Needle,"(256, 192)",2,1
Object,Needle,"(320, 192)",2,1
Object,Needle,"(640, 512)",3,1
Object,Needle,"(1024, 640)",3,1
Object,Needle,"(1152, 704)",2,1
Object,Needle,"(192, 704)",0,1
Object,Wall,"(960, 1024)",7
Object,Wall,"(0, 896)",7
Object,Wall,"(0, 960)",7
Object,Wall,"(0, 1024)",7
Object,Wall,"(64, 1024)",7
Object,Wall,"(128, 1024)",7
Object,Wall,"(192, 1024)",7
Object,Wall,"(256, 1024)",7
Object,Wall,"(320, 1024)",7
Object,Wall,"(384, 1024)",7
Object,Wall,"(448, 1024)",7
Object,Wall,"(512, 1024)",7
Object,Wall,"(832, 1024)",7
Object,Wall,"(896, 1024)",7
Object,Wall,"(768, 1024)",7
Object,Wall,"(704, 1024)",7
Object,Wall,"(640, 1024)",7
Object,Wall,"(576, 1024)",7
Object,Wall,"(896, 1088)",7
Object,Wall,"(896, 1152)",7
Object,Wall,"(896, 1216)",7
Object,Wall,"(896, 1280)",7
Object,Wall,"(896, 1344)",7
Object,Wall,"(832, 1344)",7
Object,Wall,"(832, 1408)",7
Object,Wall,"(896, 1408)",7
Object,Wall,"(960, 1344)",7
Object,Wall,"(960, 1280)",7
Object,Wall,"(832, 1216)",7
Object,Wall,"(832, 1152)",7
Object,Wall,"(832, 1088)",7
Object,Wall,"(832, 1280)",7
Object,Wall,"(768, 1344)",7
Object,Wall,"(768, 1408)",7
Object,Wall,"(960, 1216)",7
Object,Wall,"(960, 1152)",7
Object,Wall,"(960, 1088)",7
Object,Wall,"(768, 1088)",7
Object,Wall,"(704, 1088)",7
Object,Wall,"(640, 1088)",7
Object,Wall,"(576, 1088)",7
Object,Wall,"(512, 1088)",7
Object,Wall,"(448, 1088)",7
Object,Wall,"(384, 1088)",7
Object,Wall,"(320, 1088)",7
Object,Wall,"(256, 1088)",7
Object,Wall,"(192, 1088)",7
Object,Wall,"(128, 1088)",7
Object,Wall,"(64, 1088)",7
Object,Wall,"(0, 1088)",7
Object,Wall,"(0, 1152)",7
Object,Wall,"(64, 1152)",7
Object,Wall,"(128, 1152)",7
Object,Wall,"(192, 1152)",7
Object,Wall,"(256, 1152)",7
Object,Wall,"(320, 1152)",7
Object,Wall,"(384, 1152)",7
Object,Wall,"(448, 1152)",7
Object,Wall,"(512, 1152)",7
Object,Wall,"(576, 1152)",7
Object,Wall,"(640, 1152)",7
Object,Wall,"(704, 1152)",7
Object,Wall,"(768, 1152)",7
Object,Wall,"(768, 1216)",7
Object,Wall,"(704, 1216)",7
Object,Wall,"(640, 1216)",7
Object,Wall,"(576, 1216)",7
Object,Wall,"(64, 1216)",7
Object,Wall,"(0, 1216)",7
Object,Wall,"(128, 1216)",7
Object,Wall,"(192, 1216)",7
Object,Wall,"(256, 1216)",7
Object,Wall,"(320, 1216)",7
Object,Wall,"(384, 1216)",7
Object,Wall,"(448, 1216)",7
Object,Wall,"(512, 1216)",7
Object,Wall,"(768, 1280)",7
Object,Wall,"(704, 1280)",7
Object,Wall,"(640, 1280)",7
Object,Wall,"(576, 1280)",7
Object,Wall,"(512, 1280)",7
Object,Wall,"(448, 1280)",7
Object,Wall,"(64, 1280)",7
Object,Wall,"(0, 1280)",7
Object,Wall,"(128, 1280)",7
Object,Wall,"(192, 1280)",7
Object,Wall,"(256, 1280)",7
Object,Wall,"(320, 1280)",7
Object,Wall,"(384, 1280)",7
Object,Wall,"(576, 1344)",7
Object,Wall,"(640, 1344)",7
Object,Wall,"(704, 1344)",7
Object,Wall,"(448, 1344)",7
Object,Wall,"(512, 1344)",7
Object,Wall,"(384, 1344)",7
Object,Wall,"(320, 1344)",7
Object,Wall,"(256, 1344)",7
Object,Wall,"(192, 1344)",7
Object,Wall,"(128, 1344)",7
Object,Wall,"(64, 1344)",7
Object,Wall,"(0, 1344)",7
Object,Wall,"(0, 1408)",7
Object,Wall,"(64, 1408)",7
Object,Wall,"(128, 1408)",7
Object,Wall,"(192, 1408)",7
Object,Wall,"(256, 1408)",7
Object,Wall,"(320, 1408)",7
Object,Wall,"(384, 1408)",7
Object,Wall,"(448, 1408)",7
Object,Wall,"(512, 1408)",7
Object,Wall,"(576, 1408)",7
Object,Wall,"(640, 1408)",7
Object,Wall,"(704, 1408)",7
Object,Wall,"(832, 1472)",7
Object,Wall,"(896, 1472)",7
Object,Wall,"(768, 1472)",7
Object,Wall,"(704, 1472)",7
Object,Wall,"(640, 1472)",7
Object,Wall,"(576, 1472)",7
Object,Wall,"(512, 1472)",7
Object,Wall,"(448, 1472)",7
Object,Wall,"(384, 1472)",7
Object,Wall,"(320, 1472)",7
Object,Wall,"(256, 1472)",7
Object,Wall,"(192, 1472)",7
Object,Wall,"(128, 1472)",7
Object,Wall,"(64, 1472)",7
Object,Wall,"(0, 1472)",7
Object,Wall,"(0, 1536)",7
Object,Wall,"(64, 1536)",7
Object,Wall,"(128, 1536)",7
Object,Wall,"(192, 1536)",7
Object,Wall,"(256, 1536)",7
Object,Wall,"(320, 1600)",7
Object,Wall,"(384, 1600)",7
Object,Wall,"(448, 1600)",7
Object,Wall,"(512, 1600)",7
Object,Wall,"(576, 1600)",7
Object,Wall,"(640, 1600)",7
Object,Wall,"(704, 1600)",7
Object,Wall,"(768, 1600)",7
Object,Wall,"(832, 1600)",7
Object,Wall,"(832, 1536)",7
Object,Wall,"(896, 1536)",7
Object,Wall,"(768, 1536)",7
Object,Wall,"(704, 1536)",7
Object,Wall,"(640, 1536)",7
Object,Wall,"(384, 1536)",7
Object,Wall,"(448, 1536)",7
Object,Wall,"(576, 1536)",7
Object,Wall,"(512, 1536)",7
Object,Wall,"(320, 1536)",7
Object,Wall,"(64, 1600)",7
Object,Wall,"(0, 1600)",7
Object,Wall,"(64, 1664)",7
Object,Wall,"(128, 1664)",7
Object,Wall,"(192, 1664)",7
Object,Wall,"(256, 1664)",7
Object,Wall,"(320, 1664)",7
Object,Wall,"(384, 1664)",7
Object,Wall,"(448, 1664)",7
Object,Wall,"(512, 1664)",7
Object,Wall,"(576, 1664)",7
Object,Wall,"(256, 1600)",7
Object,Wall,"(192, 1600)",7
Object,Wall,"(128, 1600)",7
Object,Wall,"(0, 1664)",7
Object,Wall,"(640, 1664)",7
Object,Wall,"(704, 1664)",7
Object,Wall,"(768, 1664)",7
Object,Wall,"(832, 1664)",7
Object,Wall,"(896, 1600)",7
Object,Wall,"(896, 1920)",7
Object,Wall,"(832, 1920)",7
Object,Wall,"(768, 1920)",7
Object,Wall,"(704, 1920)",7
Object,Wall,"(640, 1920)",7
Object,Wall,"(576, 1920)",7
Object,Wall,"(512, 1920)",7
Object,Wall,"(448, 1920)",7
Object,Wall,"(384, 1920)",7
Object,Wall,"(320, 1920)",7
Object,Wall,"(256, 1920)",7
Object,Wall,"(192, 1920)",7
Object,Wall,"(192, 1856)",7
Object,Wall,"(128, 1856)",7
Object,Wall,"(64, 1856)",7
Object,Wall,"(0, 1856)",7
Object,Wall,"(0, 1792)",7
Object,Wall,"(0, 1728)",7
Object,Wall,"(0, 1920)",7
Object,Wall,"(64, 1920)",7
Object,Wall,"(128, 1920)",7
Object,Wall,"(512, 1856)",7
Object,Wall,"(576, 1856)",7
Object,Wall,"(640, 1856)",7
Object,Wall,"(704, 1856)",7
Object,Wall,"(768, 1856)",7
Object,Wall,"(832, 1792)",7
Object,Wall,"(896, 1792)",7
Object,Wall,"(896, 1728)",7
Object,Wall,"(896, 1856)",7
Object,Wall,"(832, 1856)",7
Object,Wall,"(768, 1792)",7
Object,Wall,"(768, 1728)",7
Object,Wall,"(832, 1728)",7
Object,Wall,"(64, 1728)",7
Object,Wall,"(128, 1728)",7
Object,Wall,"(192, 1728)",7
Object,Wall,"(256, 1728)",7
Object,Wall,"(320, 1728)",7
Object,Wall,"(384, 1728)",7
Object,Wall,"(448, 1728)",7
Object,Wall,"(512, 1728)",7
Object,Wall,"(576, 1728)",7
Object,Wall,"(640, 1728)",7
Object,Wall,"(640, 1792)",7
Object,Wall,"(704, 1792)",7
Object,Wall,"(704, 1728)",7
Object,Wall,"(576, 1792)",7
Object,Wall,"(512, 1792)",7
Object,Wall,"(448, 1792)",7
Object,Wall,"(384, 1792)",7
Object,Wall,"(320, 1792)",7
Object,Wall,"(256, 1792)",7
Object,Wall,"(192, 1792)",7
Object,Wall,"(128, 1792)",7
Object,Wall,"(64, 1792)",7
Object,Wall,"(256, 1856)",7
Object,Wall,"(320, 1856)",7
Object,Wall,"(384, 1856)",7
Object,Wall,"(448, 1856)",7
Object,Wall,"(896, 1664)",7
Object,Wall,"(1024, 1216)",7
Object,Wall,"(1088, 1216)",7
Object,Wall,"(1536, 1280)",7
Object,Wall,"(1472, 1280)",7
Object,Wall,"(1408, 1280)",7
Object,Wall,"(1344, 1280)",7
Object,Wall,"(1280, 1280)",7
Object,Wall,"(1216, 1280)",7
Object,Wall,"(1152, 1280)",7
Object,Wall,"(1088, 1280)",7
Object,Wall,"(1024, 1280)",7
Object,Wall,"(1344, 1024)",7
Object,Wall,"(1408, 1024)",7
Object,Wall,"(1472, 1024)",7
Object,Wall,"(1536, 1024)",7
Object,Needle,"(1408, 1216)",0,1
Object,Needle,"(1408, 1088)",2,1
Object,Wall,"(1600, 1024)",7
Object,Wall,"(1664, 1024)",7
Object,Wall,"(1728, 1024)",7
Object,Wall,"(1792, 1024)",7
Object,Wall,"(1856, 1024)",7
Object,Wall,"(1856, 1088)",7
Object,Wall,"(1920, 1152)",7
Object,Wall,"(1920, 1216)",7
Object,Wall,"(1920, 1280)",7
Object,Wall,"(1920, 1344)",7
Object,Wall,"(1856, 1344)",7
Object,Wall,"(1856, 1408)",7
Object,Wall,"(1792, 1408)",7
Object,Wall,"(1728, 1408)",7
Object,Wall,"(1728, 1472)",7
Object,Wall,"(1664, 1472)",7
Object,Wall,"(1600, 1472)",7
Object,Wall,"(1536, 1472)",7
Object,Wall,"(1472, 1472)",7
Object,Wall,"(1408, 1472)",7
Object,Wall,"(1344, 1472)",7
Object,Wall,"(1728, 1088)",7
Object,Wall,"(1792, 1088)",7
Object,Wall,"(1792, 1152)",7
Object,Wall,"(1856, 1152)",7
Object,Wall,"(1856, 1216)",7
Object,Wall,"(1856, 1280)",7
Object,Wall,"(1856, 1472)",7
Object,Wall,"(1792, 1472)",7
Object,Wall,"(1792, 1344)",7
Object,Needle,"(1792, 1280)",3,1
Object,Needle,"(1792, 1216)",3,1
Object,Wall,"(1216, 1472)",7
Object,Wall,"(1280, 1472)",7
Object,Wall,"(1152, 1472)",7
Object,Wall,"(960, 1600)",7
Object,Wall,"(1024, 1664)",7
Object,Wall,"(1088, 1728)",7
Object,Wall,"(1152, 1728)",7
Object,Wall,"(960, 1664)",7
Object,Wall,"(960, 1728)",7
Object,Wall,"(960, 1792)",7
Object,Wall,"(960, 1856)",7
Object,Wall,"(960, 1920)",7
Object,Wall,"(1024, 1920)",7
Object,Wall,"(1024, 1856)",7
Object,Wall,"(1024, 1792)",7
Object,Wall,"(1024, 1728)",7
Object,Wall,"(1088, 1792)",7
Object,Wall,"(1088, 1856)",7
Object,Wall,"(1088, 1920)",7
Object,Wall,"(1152, 1920)",7
Object,Wall,"(1152, 1856)",7
Object,Wall,"(1152, 1792)",7
Object,Wall,"(1216, 1920)",7
Object,Wall,"(1280, 1920)",7
Object,Wall,"(1344, 1920)",7
Object,Wall,"(1408, 1920)",7
Object,Wall,"(1664, 1920)",7
Object,Wall,"(1728, 1920)",7
Object,Wall,"(1792, 1920)",7
Object,Wall,"(1856, 1920)",7
Object,Wall,"(1920, 1920)",7
Object,Wall,"(1920, 1856)",7
Object,Wall,"(1920, 1792)",7
Object,Wall,"(1920, 1728)",7
Object,Wall,"(1984, 1920)",7
Object,Wall,"(1984, 1856)",7
Object,Wall,"(1984, 1792)",7
Object,Wall,"(1984, 1728)",7
Object,Wall,"(2048, 1728)",7
Object,Wall,"(2112, 1664)",7
Object,Wall,"(2048, 1664)",7
Object,Wall,"(2048, 1792)",7
Object,Wall,"(2048, 1856)",7
Object,Wall,"(2048, 1920)",7
Object,Wall,"(2112, 1920)",7
Object,Wall,"(2176, 1920)",7
Object,Wall,"(2176, 1856)",7
Object,Wall,"(2176, 1792)",7
Object,Wall,"(2176, 1728)",7
Object,Wall,"(2176, 1664)",7
Object,Wall,"(2112, 1728)",7
Object,Wall,"(2112, 1792)",7
Object,Wall,"(2112, 1856)",7
Object,Wall,"(2176, 1600)",7
Object,Wall,"(2176, 1536)",7
Object,Wall,"(2176, 1472)",7
Object,Wall,"(2176, 1408)",7
Object,Wall,"(2176, 1344)",7
Object,Wall,"(2176, 1280)",7
Object,Wall,"(2176, 1216)",7
Object,Wall,"(2176, 1152)",7
Object,Wall,"(2176, 1088)",7
Object,Wall,"(2176, 1024)",7
Object,Needle,"(1408, 1408)",0,1
Object,Needle,"(1216, 1344)",2,1
Object,Needle,"(1344, 1856)",0,1
Object,Needle,"(1280, 1856)",0,1
Object,Needle,"(1792, 1856)",0,1
Object,Needle,"(1728, 1856)",0,1
Object,Needle,"(1216, 1536)",2,1
Object,Needle,"(1280, 1536)",2,1
Object,Needle,"(1856, 1536)",2,1
Object,Needle,"(1792, 1536)",2,1
Object,Needle,"(1728, 1536)",2,1
Object,Wall,"(960, 1408)",7
Object,Wall,"(960, 1472)",7
Object,Wall,"(960, 1536)",7
Object,Wall,"(1024, 1344)",7
Object,Wall,"(1856, 1856)",7
Object,Wall,"(1216, 1856)",7
Object,Needle,"(1664, 1856)",0,1
Object,Needle,"(1408, 1856)",0,1
Object,Needle,"(1472, 1920)",0,1
Object,Needle,"(1536, 1920)",0,1
Object,Needle,"(1600, 1920)",0,1
Object,Needle,"(1216, 1792)",1,1
Object,Needle,"(1856, 1792)",3,1
Object,Wall,"(1664, 1536)",7
Object,Wall,"(1600, 1536)",7
Object,Wall,"(1536, 1536)",7
Object,Wall,"(1472, 1536)",7
Object,Wall,"(1408, 1536)",7
Object,Wall,"(1344, 1536)",7
Object,Wall,"(1472, 1728)",7
Object,Wall,"(1536, 1728)",7
Object,Wall,"(1728, 1728)",7
Object,Wall,"(2176, 960)",7
Object,Wall,"(2112, 896)",7
Object,Wall,"(2112, 832)",7
Object,Wall,"(2048, 832)",7
Object,Wall,"(2048, 768)",7
Object,Wall,"(1984, 768)",7
Object,Wall,"(1920, 768)",7
Object,Wall,"(1856, 768)",7
Object,Wall,"(1664, 960)",7
Object,Wall,"(1600, 960)",7
Object,Wall,"(1536, 960)",7
Object,Wall,"(1472, 960)",7
Object,Wall,"(1408, 960)",7
Object,Wall,"(1344, 960)",7
Object,Wall,"(1536, 896)",7
Object,Wall,"(1536, 832)",7
Object,Wall,"(1472, 832)",7
Object,Wall,"(1472, 768)",7
Object,Wall,"(1408, 768)",7
Object,Wall,"(1408, 704)",7
Object,Wall,"(1408, 640)",7
Object,Wall,"(1344, 640)",7
Object,Wall,"(1344, 704)",7
Object,Wall,"(1344, 768)",7
Object,Wall,"(1408, 832)",7
Object,Wall,"(1408, 896)",7
Object,Wall,"(1344, 896)",7
Object,Wall,"(1472, 896)",7
Object,Wall,"(1344, 832)",7
Object,Wall,"(1856, 704)",7
Object,Wall,"(1856, 640)",7
Object,Wall,"(1792, 640)",7
Object,Wall,"(1792, 576)",7
Object,Wall,"(1728, 576)",7
Object,Wall,"(1728, 512)",7
Object,Wall,"(1664, 512)",7
Object,Wall,"(1664, 448)",7
Object,Wall,"(1664, 384)",7
Object,Wall,"(1600, 384)",7
Object,Wall,"(1536, 384)",7
Object,Wall,"(1472, 384)",7
Object,Wall,"(1408, 384)",7
Object,Wall,"(1344, 384)",7
Object,Wall,"(1536, 448)",7
Object,Wall,"(1600, 448)",7
Object,Wall,"(1280, 192)",7
Object,Wall,"(1216, 192)",7
Object,Wall,"(1152, 192)",7
Object,Wall,"(1088, 192)",7
Object,Wall,"(1024, 256)",7
Object,Needle,"(1920, 1408)",1,1
Object,Wall,"(1984, 1280)",7
Object,Wall,"(2112, 1408)",7
Object,Needle,"(1984, 1344)",2,1
Object,Needle,"(2112, 1472)",2,1
Object,Needle,"(1280, 448)",2,1
Object,Needle,"(1984, 832)",2,1
Object,Needle,"(1792, 704)",2,1
Object,Needle,"(1664, 576)",2,1
Object,Wall,"(1344, 128)",7
Object,Wall,"(1344, 64)",7
Object,Wall,"(1408, 64)",7
Object,Wall,"(1472, 64)",7
Object,Wall,"(1536, 64)",7
Object,Wall,"(1600, 64)",7
Object,Wall,"(1664, 64)",7
Object,Wall,"(1728, 64)",7
Object,Wall,"(1792, 64)",7
Object,Wall,"(1856, 64)",7
Object,Wall,"(1920, 64)",7
Object,Wall,"(1984, 64)",7
Object,Wall,"(2048, 64)",7
Object,Wall,"(2112, 64)",7
Object,Wall,"(2176, 64)",7
Object,Wall,"(2240, 64)",7
Object,Wall,"(2304, 64)",7
Object,Wall,"(2368, 64)",7
Object,Wall,"(2368, 128)",7
Object,Wall,"(2432, 128)",7
Object,Wall,"(2496, 128)",7
Object,Wall,"(2496, 64)",7
Object,Wall,"(2432, 64)",7
Object,Wall,"(2560, 128)",7
Object,Wall,"(2560, 192)",7
Object,Wall,"(2560, 256)",7
Object,Wall,"(2560, 320)",7
Object,Wall,"(2560, 64)",7
Object,Wall,"(2560, 384)",7
Object,Wall,"(2496, 448)",7
Object,Wall,"(2496, 512)",7
Object,Wall,"(2496, 576)",7
Object,Wall,"(2496, 640)",7
Object,Wall,"(2560, 640)",7
Object,Wall,"(2560, 704)",7
Object,Wall,"(2560, 768)",7
Object,Wall,"(2560, 832)",7
Object,Wall,"(2560, 960)",7
Object,Wall,"(2560, 896)",7
Object,Wall,"(2560, 576)",7
Object,Wall,"(2560, 512)",7
Object,Wall,"(2560, 448)",7
Object,Wall,"(2496, 832)",7
Object,Wall,"(2496, 768)",7
Object,Wall,"(2496, 704)",7
Object,Wall,"(2432, 448)",7
Object,Wall,"(2432, 384)",7
Object,Wall,"(2432, 320)",7
Object,Wall,"(2432, 256)",7
Object,Wall,"(2496, 256)",7
Object,Wall,"(2496, 320)",7
Object,Wall,"(2496, 384)",7
Object,Wall,"(2496, 192)",7
Object,Wall,"(2432, 192)",7
Object,Wall,"(2368, 192)",7
Object,Wall,"(2304, 192)",7
Object,Wall,"(2304, 128)",7
Object,Wall,"(2240, 128)",7
Object,Wall,"(2304, 256)",7
Object,Wall,"(2368, 256)",7
Object,Wall,"(2368, 320)",7
Object,Wall,"(2368, 384)",7
Object,Wall,"(2304, 320)",7
Object,Wall,"(2240, 256)",7
Object,Wall,"(2240, 192)",7
Object,Wall,"(2176, 192)",7
Object,Wall,"(2112, 128)",7
Object,Wall,"(2112, 192)",7
Object,Wall,"(2176, 256)",7
Object,Wall,"(2240, 320)",7
Object,Wall,"(2176, 128)",7
Object,Wall,"(2048, 128)",7
Object,Wall,"(1984, 128)",7
Object,Wall,"(1920, 128)",7
Object,Wall,"(1856, 128)",7
Object,Wall,"(1408, 128)",7
Object,Wall,"(1984, 192)",7
Object,Wall,"(2048, 192)",7
Object,Wall,"(1728, 448)",7
Object,Wall,"(1792, 512)",7
Object,Wall,"(1856, 512)",7
Object,Wall,"(1856, 576)",7
Object,Wall,"(1920, 576)",7
Object,Wall,"(1920, 640)",7
Object,Wall,"(1984, 640)",7
Object,Wall,"(1984, 704)",7
Object,Wall,"(1920, 704)",7
Object,Wall,"(1984, 576)",7
Object,Wall,"(2048, 704)",7
Object,Wall,"(2176, 896)",7
Object,Wall,"(2176, 832)",7
Object,Wall,"(2112, 768)",7
Object,Wall,"(2112, 704)",7
Object,Wall,"(2048, 640)",7
Object,Wall,"(2496, 960)",7
Object,Wall,"(2496, 896)",7
Object,Wall,"(2176, 768)",7
Object,Wall,"(2112, 256)",7
Object,Wall,"(1920, 192)",7
Object,Wall,"(1856, 192)",7
Object,Wall,"(1792, 128)",7
Object,Wall,"(1728, 128)",7
Object,Wall,"(1664, 128)",7
Object,Wall,"(2112, 640)",7
Object,Wall,"(2048, 576)",7
Object,Wall,"(1984, 512)",7
Object,Wall,"(1920, 512)",7
Object,Wall,"(1856, 448)",7
Object,Wall,"(1792, 448)",7
Object,Wall,"(1472, 128)",7
Object,Wall,"(1536, 128)",7
Object,Wall,"(1600, 128)",7
Object,Wall,"(2496, 1024)",7
Object,Wall,"(2496, 1088)",7
Object,Wall,"(2496, 1152)",7
Object,Wall,"(2496, 1216)",7
Object,Wall,"(2496, 1344)",7
Object,Wall,"(2496, 1408)",7
Object,Wall,"(2496, 1472)",7
Object,Wall,"(2496, 1536)",7
Object,Wall,"(2496, 1280)",7
Object,Wall,"(2496, 1600)",7
Object,Wall,"(2496, 1664)",7
Object,Wall,"(2496, 1728)",7
Object,Wall,"(2496, 1792)",7
Object,Wall,"(2496, 1856)",7
Object,Wall,"(2496, 1920)",7
Object,Wall,"(2496, 1984)",7
Object,Wall,"(2496, 2048)",7
Object,Wall,"(2496, 2112)",7
Object,Wall,"(2496, 2176)",7
Object,Wall,"(2496, 2240)",7
Object,Wall,"(2496, 2304)",7
Object,Wall,"(2496, 2368)",7
Object,Wall,"(2496, 2432)",7
Object,Wall,"(2496, 2496)",7
Object,Wall,"(2496, 2560)",7
Object,Wall,"(2496, 2624)",7
Object,Wall,"(2496, 2688)",7
Object,Wall,"(2496, 2752)",7
Object,Wall,"(2496, 2816)",7
Object,Wall,"(2496, 2880)",7
Object,Wall,"(2496, 2944)",7
Object,Wall,"(2496, 3008)",7
Object,Wall,"(2496, 3072)",7
Object,Wall,"(2496, 3136)",7
Object,Wall,"(2496, 3200)",7
Object,Wall,"(2496, 3264)",7
Object,Wall,"(2496, 3328)",7
Object,Wall,"(2496, 3392)",7
Object,Wall,"(2496, 3456)",7
Object,Wall,"(2496, 3520)",7
Object,Wall,"(2496, 3584)",7
Object,Wall,"(2496, 3648)",7
Object,Wall,"(2496, 3712)",7
Object,Wall,"(2496, 3776)",7
Object,Wall,"(2496, 3840)",7
Object,Wall,"(2496, 3904)",7
Object,Wall,"(2496, 3968)",7
Object,Wall,"(2496, 4032)",7
Object,Wall,"(2496, 4096)",7
Object,Wall,"(2496, 4160)",7
Object,Wall,"(2496, 4224)",7
Object,Wall,"(2496, 4288)",7
Object,Wall,"(2496, 4352)",7
Object,Wall,"(2496, 4416)",7
Object,Wall,"(2496, 4480)",7
Object,Wall,"(2240, 4800)",7
Object,Wall,"(2240, 4736)",7
Object,Wall,"(2240, 4672)",7
Object,Wall,"(2240, 4608)",7
Object,Wall,"(2240, 4544)",7
Object,Wall,"(2240, 4480)",7
Object,Wall,"(2240, 4416)",7
Object,Wall,"(2240, 4352)",7
Object,Wall,"(2240, 4288)",7
Object,Wall,"(2240, 4224)",7
Object,Wall,"(2240, 4160)",7
Object,Wall,"(2240, 4096)",7
Object,Wall,"(2240, 4032)",7
Object,Wall,"(2240, 3968)",7
Object,Wall,"(2240, 3904)",7
Object,Wall,"(2240, 3840)",7
Object,Wall,"(2240, 3776)",7
Object,Wall,"(2240, 3712)",7
Object,Wall,"(2240, 3648)",7
Object,Wall,"(2240, 3584)",7
Object,Wall,"(2240, 3520)",7
Object,Wall,"(2240, 3456)",7
Object,Wall,"(2240, 3392)",7
Object,Wall,"(2240, 3328)",7
Object,Wall,"(2240, 3264)",7
Object,Wall,"(2240, 3200)",7
Object,Wall,"(2240, 3136)",7
Object,Wall,"(2240, 3072)",7
Object,Wall,"(2240, 3008)",7
Object,Wall,"(2240, 2944)",7
Object,Wall,"(2240, 2880)",7
Object,Wall,"(2240, 2816)",7
Object,Wall,"(2240, 2752)",7
Object,Wall,"(2240, 2688)",7
Object,Wall,"(2240, 2624)",7
Object,Wall,"(2240, 2560)",7
Object,Wall,"(2240, 2496)",7
Object,Wall,"(2240, 2432)",7
Object,Wall,"(2240, 2368)",7
Object,Wall,"(2240, 2304)",7
Object,Wall,"(2240, 2240)",7
Object,Wall,"(2240, 2176)",7
Object,Wall,"(2240, 2112)",7
Object,Wall,"(2240, 2048)",7
Object,Wall,"(2240, 1984)",7
Object,Wall,"(2240, 1920)",7
Object,Wall,"(2240, 1856)",7
Object,Wall,"(2240, 1792)",7
Object,Wall,"(2240, 1728)",7
Object,Wall,"(2240, 1664)",7
Object,Wall,"(2240, 1600)",7
Object,Wall,"(2240, 1536)",7
Object,Wall,"(2240, 1472)",7
Object,Wall,"(2240, 1408)",7
Object,Wall,"(2240, 1344)",7
Object,Wall,"(2240, 1280)",7
Object,Wall,"(2240, 1216)",7
Object,Wall,"(2240, 960)",7
Object,Wall,"(2240, 896)",7
Object,Wall,"(2240, 1024)",7
Object,Wall,"(2240, 1088)",7
Object,Wall,"(2240, 1152)",7
Object,Wall,"(3456, 4800)",7
Object,Wall,"(3328, 4800)",7
Object,Wall,"(3392, 4800)",7
Object,Wall,"(3264, 4800)",7
Object,Wall,"(3200, 4800)",7
Object,Wall,"(3136, 4800)",7
Object,Wall,"(3072, 4800)",7
Object,Wall,"(3008, 4800)",7
Object,Wall,"(2944, 4800)",7
Object,Wall,"(2880, 4800)",7
Object,Wall,"(2816, 4800)",7
Object,Wall,"(2752, 4800)",7
Object,Wall,"(2688, 4800)",7
Object,Wall,"(2624, 4800)",7
Object,Wall,"(2560, 4800)",7
Object,Wall,"(2496, 4800)",7
Object,Wall,"(2432, 4800)",7
Object,Wall,"(2368, 4800)",7
Object,Wall,"(2304, 4800)",7
Object,SavePoint,"(2368, 4736)"
Object,Wall,"(2240, 832)",7
Object,Wall,"(2240, 768)",7
Object,Wall,"(2176, 704)",7
Object,Wall,"(2176, 640)",7
Object,Wall,"(2112, 576)",7
Object,Wall,"(2240, 704)",7
Object,Wall,"(2240, 640)",7
Object,Needle,"(2304, 384)",2,1
Object,Needle,"(2240, 384)",2,1
Object,Needle,"(2048, 256)",2,1
Object,Needle,"(1984, 256)",2,1
Object,Needle,"(2176, 320)",3,1
Object,Needle,"(2432, 512)",2,1
Object,Wall,"(2112, 1024)",7
Object,Wall,"(2112, 960)",7
Object,Wall,"(1536, 768)",7
Object,Wall,"(1600, 896)",7
Object,Wall,"(1664, 896)",7
Object,Wall,"(1856, 960)",7
Object,Wall,"(1792, 960)",7
Object,Wall,"(1728, 960)",7
Object,Wall,"(1472, 704)",7
Object,Needle,"(1600, 832)",0,1
Object,Needle,"(2048, 896)",2,1
Object,Needle,"(2112, 1088)",2,1
Object,Wall,"(2624, 4608)",7
Object,Wall,"(2688, 4608)",7
Object,Wall,"(2752, 4608)",7
Object,Wall,"(2816, 4608)",7
Object,Wall,"(3456, 4672)",7
Object,Wall,"(3456, 4608)",7
Object,Wall,"(3456, 4544)",7
Object,Wall,"(3456, 4736)",7
Object,Needle,"(2624, 4736)",0,1
Object,Needle,"(2752, 4672)",2,1
Object,Wall,"(3456, 4480)",7
Object,Wall,"(3456, 4416)",7
Object,Wall,"(3456, 4352)",7
Object,Wall,"(3392, 4352)",7
Object,Wall,"(3392, 4288)",7
Object,Wall,"(3328, 4288)",7
Object,Wall,"(3328, 4224)",7
Object,Wall,"(3264, 4224)",7
Object,Wall,"(3136, 4160)",7
Object,Wall,"(3392, 4480)",7
Object,Wall,"(3392, 4416)",7
Object,Wall,"(3328, 4416)",7
Object,Wall,"(3328, 4352)",7
Object,Wall,"(3264, 4352)",7
Object,Wall,"(3264, 4288)",7
Object,Wall,"(3072, 4096)",7
Object,Wall,"(3008, 4032)",7
Object,Wall,"(2944, 4032)",7
Object,Wall,"(3072, 4032)",7
Object,Wall,"(3136, 4032)",7
Object,Wall,"(3200, 4032)",7
Object,Wall,"(3264, 4032)",7
Object,Wall,"(3328, 4032)",7
Object,Wall,"(3392, 4032)",7
Object,Wall,"(3392, 4096)",7
Object,Wall,"(3456, 4096)",7
Object,Wall,"(3456, 4160)",7
Object,Wall,"(3456, 4224)",7
Object,Wall,"(3456, 4288)",7
Object,Wall,"(3456, 4032)",7
Object,Wall,"(3392, 4160)",7
Object,Wall,"(3392, 4224)",7
Object,Wall,"(3328, 4160)",7
Object,Wall,"(3328, 4096)",7
Object,Wall,"(3264, 4096)",7
Object,Wall,"(3200, 4096)",7
Object,Wall,"(3136, 4096)",7
Object,Wall,"(3200, 4160)",7
Object,Wall,"(3264, 4160)",7
Object,Wall,"(2624, 4544)",7
Object,Wall,"(2624, 4480)",7
Object,Wall,"(2624, 4416)",7
Object,Wall,"(2560, 4544)",7
Object,Wall,"(2560, 4480)",7
Object,Wall,"(2560, 4416)",7
Object,Wall,"(2560, 4352)",7
Object,Wall,"(2560, 4288)",7
Object,Wall,"(2560, 4096)",7
Object,Wall,"(2560, 4160)",7
Object,Wall,"(2560, 4224)",7
Object,Wall,"(2560, 3776)",7
Object,Wall,"(2560, 3712)",7
Object,Wall,"(2560, 3648)",7
Object,Wall,"(2560, 3584)",7
Object,Wall,"(3392, 4736)",7
Object,Wall,"(3392, 4672)",7
Object,Wall,"(3392, 4608)",7
Object,Wall,"(3392, 4544)",7
Object,Wall,"(3328, 4544)",7
Object,Wall,"(3328, 4480)",7
Object,Wall,"(2688, 4544)",7
Object,Wall,"(2752, 4544)",7
Object,Wall,"(3008, 4608)",7
Object,Wall,"(2944, 4608)",7
Object,Wall,"(2880, 4608)",7
Object,Wall,"(3328, 4608)",7
Object,Needle,"(2880, 4736)",0,1
Object,Needle,"(3328, 4672)",2,1
Object,Needle,"(3328, 4736)",0,1
Object,Needle,"(2944, 4096)",2,1
Object,Needle,"(2560, 4032)",0,1
Object,Needle,"(2560, 3840)",2,1
Object,Needle,"(1024, 384)",0,1
Object,Needle,"(1024, 320)",2,1
Object,Wall,"(2816, 4544)",7
Object,Wall,"(3072, 4608)",7
Object,Wall,"(2688, 4480)",7
Object,Wall,"(3200, 4224)",7
Object,OneWayFloor,"(2880, 4032)",4
Object,OneWayFloor,"(2816, 4032)",3
Object,OneWayFloor,"(2752, 4032)",3
Object,Wall,"(2496, 4544)",7
Object,Wall,"(2560, 4608)",7
Object,Wall,"(2496, 4608)",7
Object,OneWayFloor,"(3136, 4608)",2
Object,OneWayFloor,"(3200, 4608)",3
Object,OneWayFloor,"(3264, 4608)",4
Object,Wall,"(2688, 3776)",7
Object,Wall,"(2624, 3776)",7
Object,Wall,"(2752, 3712)",7
Object,Wall,"(2816, 3712)",7
Object,Wall,"(2880, 3712)",7
Object,Wall,"(2944, 3712)",7
Object,Wall,"(2624, 3712)",7
Object,Wall,"(2688, 3712)",7
Object,Wall,"(2688, 3648)",7
Object,Wall,"(2624, 3648)",7
Object,Wall,"(2624, 3584)",7
Object,Wall,"(2688, 3584)",7
Object,Wall,"(2752, 3584)",7
Object,Wall,"(2752, 3648)",7
Object,Wall,"(2816, 3648)",7
Object,Wall,"(3456, 3968)",7
Object,Wall,"(3456, 3904)",7
Object,Wall,"(3456, 3840)",7
Object,Wall,"(3456, 3776)",7
Object,Wall,"(3456, 3712)",7
Object,Wall,"(3456, 3648)",7
Object,Wall,"(3264, 3968)",7
Object,Wall,"(3328, 3968)",7
Object,Wall,"(3328, 3904)",7
Object,Wall,"(3392, 3904)",7
Object,Wall,"(3392, 3840)",7
Object,Wall,"(3392, 3776)",7
Object,Wall,"(3392, 3968)",7
Object,Wall,"(3392, 3712)",7
Object,Wall,"(3392, 3648)",7
Object,Wall,"(3264, 3712)",7
Object,Wall,"(3200, 3712)",7
Object,Wall,"(3136, 3712)",7
Object,Wall,"(3072, 3712)",7
Object,Wall,"(3008, 3712)",7
Object,Wall,"(3456, 3584)",7
Object,Wall,"(3392, 3584)",7
Object,Wall,"(3328, 3584)",7
Object,Wall,"(3264, 3584)",7
Object,Wall,"(3008, 3648)",7
Object,Wall,"(2944, 3648)",7
Object,Wall,"(2880, 3648)",7
Object,Wall,"(2816, 3584)",7
Object,Wall,"(2880, 3584)",7
Object,Wall,"(2816, 3520)",7
Object,Wall,"(2816, 3456)",7
Object,Wall,"(2816, 3392)",7
Object,Wall,"(2816, 3328)",7
Object,Wall,"(2816, 3264)",7
Object,Wall,"(3328, 3520)",7
Object,Wall,"(3328, 3456)",7
Object,Wall,"(3328, 3392)",7
Object,Wall,"(3328, 3328)",7
Object,Wall,"(3328, 3264)",7
Object,Wall,"(2944, 3392)",7
Object,Wall,"(3200, 3136)",7
Object,Wall,"(3328, 3200)",7
Object,Wall,"(3328, 3136)",7
Object,Wall,"(3328, 3072)",7
Object,Wall,"(2816, 3200)",7
Object,Wall,"(2816, 3136)",7
Object,Wall,"(2816, 3072)",7
Object,Wall,"(3328, 3008)",7
Object,Wall,"(3328, 2944)",7
Object,Wall,"(2816, 3008)",7
Object,Wall,"(2816, 2944)",7
Object,Wall,"(2816, 2880)",7
Object,Wall,"(2880, 2880)",7
Object,Wall,"(2944, 2880)",7
Object,Wall,"(3328, 2880)",7
Object,Wall,"(3328, 2816)",7
Object,Wall,"(3392, 3520)",7
Object,Wall,"(3392, 3456)",7
Object,Wall,"(3392, 3392)",7
Object,Wall,"(3392, 3328)",7
Object,Wall,"(3392, 3264)",7
Object,Wall,"(3392, 3200)",7
Object,Wall,"(3392, 2816)",7
Object,Wall,"(3392, 2880)",7
Object,Wall,"(3392, 2944)",7
Object,Wall,"(3392, 3008)",7
Object,Wall,"(3392, 3072)",7
Object,Wall,"(3392, 3136)",7
Object,Wall,"(3456, 3456)",7
Object,Wall,"(3456, 3520)",7
Object,Wall,"(3456, 3392)",7
Object,Wall,"(3456, 3328)",7
Object,Wall,"(3456, 3264)",7
Object,Wall,"(3456, 3200)",7
Object,Wall,"(3456, 3136)",7
Object,Wall,"(3456, 3072)",7
Object,Wall,"(3456, 3008)",7
Object,Wall,"(3456, 2944)",7
Object,Wall,"(3456, 2880)",7
Object,Wall,"(3456, 2816)",7
Object,Needle,"(2880, 3520)",1,1
Object,Needle,"(2880, 3456)",1,1
Object,Needle,"(2880, 3392)",1,1
Object,Needle,"(2880, 3264)",1,1
Object,Needle,"(2880, 3200)",1,1
Object,Needle,"(2880, 3136)",1,1
Object,Needle,"(2880, 3072)",1,1
Object,Needle,"(2880, 2944)",1,1
Object,Needle,"(3264, 2944)",3,1
Object,Needle,"(3264, 3008)",3,1
Object,Needle,"(3264, 3072)",3,1
Object,Needle,"(3264, 3136)",3,1
Object,Needle,"(3264, 3200)",3,1
Object,Needle,"(3264, 3264)",3,1
Object,Needle,"(3264, 3328)",3,1
Object,Needle,"(3264, 3392)",3,1
Object,Needle,"(3264, 3456)",3,1
Object,Needle,"(3136, 3136)",3,1
Object,Needle,"(3008, 2880)",1,1
Object,SavePoint,"(3072, 3968)"
Object,Wall,"(3200, 4352)",7
Object,Wall,"(3200, 4288)",7
Object,Wall,"(3136, 4224)",7
Object,Wall,"(3264, 4416)",7
Object,Wall,"(2624, 4352)",7
Object,Wall,"(2880, 4352)",7
Object,Wall,"(2944, 4352)",7
Object,OneWayFloor,"(2624, 4160)",2
Object,OneWayFloor,"(2688, 4160)",3
Object,Needle,"(3008, 4544)",0,1
Object,Needle,"(2944, 4544)",0,1
Object,Needle,"(2688, 4416)",1,1
Object,Needle,"(2624, 4288)",0,1
Object,Needle,"(2624, 4224)",1,1
Object,Needle,"(3008, 4352)",1,1
Object,Wall,"(2752, 3520)",7
Object,Wall,"(2688, 3520)",7
Object,Wall,"(2624, 3520)",7
Object,Wall,"(2560, 3520)",7
Object,Wall,"(2560, 3456)",7
Object,Wall,"(2560, 3392)",7
Object,Wall,"(2560, 3328)",7
Object,Wall,"(2560, 3264)",7
Object,Wall,"(2560, 3200)",7
Object,Wall,"(2560, 3136)",7
Object,Wall,"(2560, 3072)",7
Object,Wall,"(2560, 3008)",7
Object,Wall,"(2560, 2944)",7
Object,Wall,"(2560, 2880)",7
Object,Wall,"(2560, 2816)",7
Object,Wall,"(2560, 2752)",7
Object,Wall,"(2688, 2880)",7
Object,Wall,"(2688, 2944)",7
Object,Wall,"(2688, 3008)",7
Object,Wall,"(2752, 3008)",7
Object,Wall,"(2752, 3072)",7
Object,Wall,"(2752, 3136)",7
Object,Wall,"(2752, 3200)",7
Object,Wall,"(2752, 2944)",7
Object,Wall,"(2752, 2880)",7
Object,Wall,"(2688, 3072)",7
Object,Wall,"(2688, 3136)",7
Object,Wall,"(2688, 3200)",7
Object,Wall,"(2688, 3264)",7
Object,Wall,"(2688, 3328)",7
Object,Wall,"(2688, 3392)",7
Object,Wall,"(2688, 3456)",7
Object,Wall,"(2752, 3456)",7
Object,Wall,"(2752, 3392)",7
Object,Wall,"(2752, 3328)",7
Object,Wall,"(2752, 3264)",7
Object,Wall,"(2624, 3456)",7
Object,Wall,"(2624, 3392)",7
Object,Wall,"(2624, 3328)",7
Object,Wall,"(2624, 3264)",7
Object,Wall,"(2624, 3200)",7
Object,Wall,"(2624, 3136)",7
Object,Wall,"(2624, 3072)",7
Object,Wall,"(2624, 3008)",7
Object,Wall,"(2624, 2944)",7
Object,Wall,"(2624, 2880)",7
Object,Wall,"(3456, 2752)",7
Object,Wall,"(3392, 2752)",7
Object,Wall,"(3328, 2752)",7
Object,Wall,"(3264, 2752)",7
Object,Wall,"(3200, 2752)",7
Object,Wall,"(3392, 2688)",7
Object,Wall,"(3456, 2688)",7
Object,Wall,"(3328, 2688)",7
Object,Wall,"(3264, 2688)",7
Object,Wall,"(3200, 2688)",7
Object,Wall,"(3136, 2752)",7
Object,Wall,"(3072, 2752)",7
Object,Wall,"(3008, 2752)",7
Object,Wall,"(2944, 2752)",7
Object,Wall,"(2880, 2752)",7
Object,Wall,"(2624, 2688)",7
Object,Wall,"(2624, 2624)",7
Object,Wall,"(2560, 2624)",7
Object,Wall,"(2560, 2560)",7
Object,Wall,"(2560, 2688)",7
Object,Wall,"(2560, 2496)",7
Object,Wall,"(2560, 2432)",7
Object,Wall,"(3008, 2688)",7
Object,Wall,"(3072, 2688)",7
Object,Wall,"(2944, 2688)",7
Object,Wall,"(2624, 2560)",7
Object,Wall,"(2688, 2560)",7
Object,Wall,"(2752, 2560)",7
Object,Wall,"(2816, 2560)",7
Object,Wall,"(2880, 2560)",7
Object,Wall,"(2944, 2560)",7
Object,Wall,"(3008, 2560)",7
Object,Wall,"(3072, 2560)",7
Object,Wall,"(3136, 2560)",7
Object,Wall,"(3200, 2560)",7
Object,Wall,"(3264, 2560)",7
Object,Wall,"(3392, 2624)",7
Object,Wall,"(3456, 2624)",7
Object,Wall,"(3456, 2560)",7
Object,Wall,"(3456, 2496)",7
Object,Wall,"(3456, 2432)",7
Object,Wall,"(3456, 2368)",7
Object,Needle,"(2880, 2688)",0,1
Object,Needle,"(3136, 2688)",0,1
Object,Wall,"(2688, 2624)",7
Object,Needle,"(2624, 2816)",0,1
Object,Wall,"(2816, 2752)",7
Object,Needle,"(2624, 2752)",2,1
Object,SavePoint,"(2688, 2816)"
Object,Wall,"(3136, 2496)",7
Object,Wall,"(3072, 2496)",7
Object,Wall,"(3072, 2432)",7
Object,Wall,"(3008, 2432)",7
Object,Wall,"(2944, 2432)",7
Object,Wall,"(2880, 2432)",7
Object,Wall,"(2816, 2432)",7
Object,Wall,"(2752, 2432)",7
Object,Wall,"(2688, 2432)",7
Object,Wall,"(2624, 2432)",7
Object,Wall,"(2624, 2496)",7
Object,Wall,"(2688, 2496)",7
Object,Wall,"(2752, 2496)",7
Object,Wall,"(2816, 2496)",7
Object,Wall,"(2880, 2496)",7
Object,Wall,"(2944, 2496)",7
Object,Wall,"(3008, 2496)",7
Object,Wall,"(2944, 2304)",7
Object,Wall,"(2752, 2240)",7
Object,Wall,"(2816, 2240)",7
Object,Wall,"(2880, 2240)",7
Object,Wall,"(2944, 2240)",7
Object,Wall,"(3008, 2240)",7
Object,Wall,"(3072, 2240)",7
Object,Wall,"(3136, 2240)",7
Object,Wall,"(3200, 2240)",7
Object,Wall,"(3264, 2240)",7
Object,Wall,"(3328, 2240)",7
Object,Wall,"(3392, 2240)",7
Object,Wall,"(3456, 2240)",7
Object,Wall,"(3456, 2304)",7
Object,Wall,"(3392, 2304)",7
Object,Wall,"(3328, 2304)",7
Object,Wall,"(3328, 2368)",7
Object,Wall,"(3392, 2368)",7
Object,Wall,"(3264, 2304)",7
Object,Wall,"(3200, 2304)",7
Object,Needle,"(3008, 2304)",2,1
Object,Needle,"(2880, 2304)",2,1
Object,Needle,"(3136, 2432)",0,1
Object,Needle,"(2752, 2368)",0,1
Object,Wall,"(2560, 2368)",7
Object,Wall,"(2560, 2304)",7
Object,Wall,"(2560, 2112)",7
Object,Wall,"(2880, 4544)",7
Object,Needle,"(2752, 4480)",0,1
Object,Wall,"(2816, 4352)",7
Object,Needle,"(3200, 4416)",2,1
Object,Needle,"(2816, 4416)",2,1
Object,Needle,"(3392, 2432)",2,1
Object,Needle,"(2880, 3008)",1,1
Object,Needle,"(2880, 3328)",1,1
Object,Needle,"(3264, 3520)",3,1
Object,Needle,"(3264, 2816)",2,1
Object,Needle,"(3264, 2880)",3,1
Object,Needle,"(2944, 3584)",0,1
Object,Wall,"(2560, 2048)",7
Object,Wall,"(2560, 1984)",7
Object,Wall,"(2688, 1984)",7
Object,Wall,"(2624, 1984)",7
Object,Wall,"(2816, 1984)",7
Object,Wall,"(2752, 1984)",7
Object,Wall,"(2688, 1920)",7
Object,Wall,"(2624, 1920)",7
Object,Wall,"(2560, 1920)",7
Object,Wall,"(2880, 1984)",7
Object,Wall,"(2944, 1984)",7
Object,Wall,"(3392, 2176)",7
Object,Wall,"(3456, 2176)",7
Object,Wall,"(2624, 2048)",7
Object,Wall,"(2688, 2048)",7
Object,Wall,"(2560, 2176)",7
Object,Wall,"(2624, 2112)",7
Object,Wall,"(2560, 2240)",7
Object,Wall,"(2624, 2368)",7
Object,Wall,"(3008, 1984)",7
Object,Wall,"(3072, 1984)",7
Object,Wall,"(3072, 2048)",7
Object,Wall,"(3136, 2048)",7
Object,Wall,"(3456, 2112)",7
Object,Wall,"(3456, 2048)",7
Object,Needle,"(3328, 2176)",3,1
Object,Needle,"(3200, 2112)",1,1
Object,Wall,"(3136, 2112)",7
Object,Wall,"(3392, 2112)",7
Object,Wall,"(3200, 2048)",7
Object,Wall,"(3392, 2048)",7
Object,Wall,"(3456, 1984)",7
Object,Wall,"(3392, 1984)",7
Object,Wall,"(3456, 1920)",7
Object,Wall,"(3392, 1920)",7
Object,Wall,"(3328, 1920)",7
Object,Wall,"(3456, 1856)",7
Object,Wall,"(3392, 1856)",7
Object,Wall,"(3328, 1856)",7
Object,Wall,"(3264, 1856)",7
Object,Wall,"(3200, 1856)",7
Object,Needle,"(2944, 2176)",0,1
Object,Needle,"(2880, 2048)",2,1
Object,Wall,"(2816, 1920)",7
Object,Wall,"(2944, 1920)",7
Object,Wall,"(2880, 1920)",7
Object,Wall,"(2752, 1920)",7
Object,Wall,"(3136, 1792)",7
Object,Wall,"(3072, 1792)",7
Object,Wall,"(3008, 1792)",7
Object,Wall,"(2944, 1792)",7
Object,Wall,"(2880, 1792)",7
Object,Wall,"(3136, 1856)",7
Object,Wall,"(2816, 1792)",7
Object,Wall,"(2752, 1792)",7
Object,Wall,"(3200, 1792)",7
Object,Wall,"(3264, 1792)",7
Object,Wall,"(3328, 1792)",7
Object,Wall,"(3392, 1792)",7
Object,Wall,"(3456, 1792)",7
Object,OneWayFloor,"(2624, 1792)",3
Object,OneWayFloor,"(2688, 1792)",4
Object,SavePoint,"(2624, 1728)"
Object,Wall,"(2560, 1664)",7
Object,Wall,"(2560, 1792)",7
Object,Wall,"(2560, 1728)",7
Object,Wall,"(2560, 1856)",7
Object,Wall,"(2624, 1600)",7
Object,Wall,"(2560, 1600)",7
Object,Wall,"(2752, 1536)",7
Object,Wall,"(2688, 1536)",7
Object,Wall,"(2624, 1536)",7
Object,Wall,"(2560, 1536)",7
Object,Wall,"(2816, 1536)",7
Object,Wall,"(2880, 1600)",7
Object,Wall,"(2816, 1600)",7
Object,Wall,"(2752, 1600)",7
Object,Wall,"(2688, 1600)",7
Object,Wall,"(3072, 1728)",7
Object,Wall,"(2944, 1536)",7
Object,Wall,"(2880, 1536)",7
Object,Wall,"(3008, 1472)",7
Object,Wall,"(3072, 1472)",7
Object,Wall,"(3136, 1472)",7
Object,Wall,"(3200, 1536)",7
Object,Wall,"(3264, 1600)",7
Object,Needle,"(2816, 1728)",0,1
Object,Needle,"(2752, 1664)",2,1
Object,Needle,"(3008, 1728)",0,1
Object,Needle,"(3072, 1664)",0,1
Object,Needle,"(3136, 1728)",0,1
Object,Needle,"(2944, 1600)",1,1
Object,Needle,"(3200, 1600)",3,1
Object,Needle,"(3008, 1536)",2,1
Object,Needle,"(3136, 1536)",2,1
Object,Wall,"(3456, 1728)",7
Object,Wall,"(3456, 1664)",7
Object,Wall,"(3456, 1600)",7
Object,Wall,"(3456, 1536)",7
Object,Wall,"(3456, 1472)",7
Object,Wall,"(3456, 1408)",7
Object,Wall,"(3456, 1344)",7
Object,OneWayFloor,"(3328, 1600)",3
Object,OneWayFloor,"(3392, 1600)",3
Object,Needle,"(3264, 1664)",2,1
Object,Wall,"(3264, 1536)",7
Object,Wall,"(3200, 1472)",7
Object,Wall,"(3136, 1408)",7
Object,Wall,"(3072, 1408)",7
Object,Wall,"(3008, 1408)",7
Object,Wall,"(2944, 1472)",7
Object,Needle,"(3264, 1472)",0,1
Object,Needle,"(3200, 1408)",0,1
Object,Needle,"(3136, 1344)",0,1
Object,Wall,"(3392, 1344)",7
Object,Needle,"(3392, 1408)",2,1
Object,Wall,"(3328, 1280)",7
Object,Wall,"(3264, 1216)",7
Object,Wall,"(3200, 1152)",7
Object,Wall,"(3136, 1152)",7
Object,Wall,"(3264, 1152)",7
Object,Wall,"(3328, 1152)",7
Object,Wall,"(3392, 1152)",7
Object,Wall,"(3456, 1152)",7
Object,Wall,"(3456, 1216)",7
Object,Wall,"(3456, 1280)",7
Object,Wall,"(3392, 1280)",7
Object,Wall,"(3392, 1216)",7
Object,Wall,"(3328, 1216)",7
Object,Wall,"(3456, 1024)",7
Object,Wall,"(3392, 1024)",7
Object,Wall,"(3328, 1024)",7
Object,Wall,"(3264, 1024)",7
Object,Wall,"(3200, 1024)",7
Object,Wall,"(3136, 1024)",7
Object,Wall,"(3072, 1024)",7
Object,Wall,"(3008, 1024)",7
Object,Wall,"(2944, 1024)",7
Object,Wall,"(2880, 1024)",7
Object,Wall,"(2816, 1024)",7
Object,Wall,"(2688, 1088)",7
Object,Wall,"(2624, 1088)",7
Object,Wall,"(2624, 1024)",7
Object,Wall,"(2688, 1024)",7
Object,Wall,"(2752, 1024)",7
Object,Wall,"(2560, 1024)",7
Object,Wall,"(3072, 1152)",7
Object,Wall,"(3008, 1152)",7
Object,Wall,"(2944, 1152)",7
Object,Wall,"(2880, 1216)",7
Object,Wall,"(2816, 1280)",7
Object,Wall,"(2752, 1344)",7
Object,Wall,"(2688, 1344)",7
Object,Wall,"(2624, 1152)",7
Object,Wall,"(2560, 1152)",7
Object,Wall,"(2560, 1216)",7
Object,Wall,"(2560, 1088)",7
Object,Wall,"(2880, 1152)",7
Object,Wall,"(2816, 1216)",7
Object,Wall,"(2752, 1280)",7
Object,Wall,"(2560, 1472)",7
Object,Needle,"(3328, 1344)",2,1
Object,Needle,"(3264, 1280)",2,1
Object,Needle,"(3200, 1216)",2,1
Object,Needle,"(2752, 1408)",2,1
Object,Needle,"(2688, 1472)",0,1
Object,Needle,"(2560, 1280)",2,1
Object,Wall,"(2816, 1344)",7
Object,Wall,"(2880, 1280)",7
Object,Wall,"(2944, 1216)",7
Object,Wall,"(3008, 1216)",7
Object,Needle,"(2944, 1280)",2,1
Object,Needle,"(2880, 1344)",2,1
Object,Wall,"(3520, 1152)",1
Object,Wall,"(3584, 1152)",1
Object,Wall,"(3648, 1152)",1
Object,Wall,"(3648, 1088)",1
Object,Wall,"(3648, 1024)",1
Object,Wall,"(3584, 1024)",1
Object,Wall,"(3520, 1024)",1
Object,SavePoint,"(3584, 1088)"
Background,3
